,Path,Name
0,Africanized_Bee/african_killer_bee.jpg,africanized bee
1,Africanized_Bee/killer_bee.jpg,africanized bee
2,African_Elephant/African_Elephant_Trunk.jpg,african elephant
3,African_Elephant/African_Elephant_Wallpapers__25281_2.jpg,african elephant
4,African_Elephant/African_Elephant_Wallpapers__25282_2.jpg,african elephant
5,African_Elephant/African_Elephant_Wallpapers__25285_2.jpg,african elephant
6,African_Elephant/African_Elephant_Wallpapers__25286_2.jpg,african elephant
7,African_Elephant/African_Elephant_Wallpapers__25287_2.jpg,african elephant
8,African_Elephant/African_Elephant_Wallpapers_(1).jpg,african elephant
9,African_Elephant/african_elephant2.Jpg,african elephant
10,African_Elephant/African_Wild_Elephant.jpg,african elephant
11,African_Elephant/african_elephantAsian_Elephant_asian.jpg,african elephant
12,African_Elephant/Elephant_Wallpapers.jpg,african elephant
13,African_Elephant/Elephants_wallpapers_5.jpg,african elephant
14,African_Forest_Elephant/forest_20animals_20photography_20ele.jpg,african forest elephant
15,African_Forest_Elephant/Forest_20elephant_20M._20Bonnet_20Co.jpg,african forest elephant
16,African_Lion/African_2BLion.jpg,african lion
17,African_Lion/African_Lion_Angry.jpg,african lion
18,African_Lion/African_Lion_Wallpapers_(1).jpg,african lion
19,African_Lion/African_Lion_Wallpapers_(5).jpg,african lion
20,African_Lion/African_Lion_Wallpapers_(6).jpg,african lion
21,African_Lion/African_Lion_Wallpapers_(7).jpg,african lion
22,African_Lion/african-male_lion.jpg,african lion
23,African_Lion/dangerous-hd-lion-wallpaper_(2).jpg,african lion
24,African_Lion/Female_African_Lion.jpg,african lion
25,African_Lion/Lion9_-_Copy.jpg,african lion
26,African_Lion/Male_Lion_Wallpapers_10.jpg,african lion
27,African_Lion/Male_Lion_Wallpapers_4.jpg,african lion
28,African_Penguin/African_Penguin-1.jpg,african penguin
29,African_Penguin/African_Penguin.jpg,african penguin
30,African_Penguin/African_Penguin3-1.jpg,african penguin
31,African_Penguin/African_Penguin3-2.jpg,african penguin
32,African_Penguin/African_Penguin3-4.jpg,african penguin
33,African_Penguin/African_Penguin3.jpg,african penguin
34,African_Penguin/African_Penguin4-1.jpg,african penguin
35,African_Penguin/African_Penguin4.jpg,african penguin
36,African_Penguin/African_Penguin5.jpg,african penguin
37,African_Penguin/African_Penguin6.jpg,african penguin
38,African_Penguin/African.penguin.bristol.750pix__28Pi.jpg,african penguin
39,African_Penguin/African_Penguin__28Spheniscus_demers.jpg,african penguin
40,African_Penguin/A_pair_of_African_penguins_2C_Boulde.jpg,african penguin
41,African_Penguin/beautiful_penguins_wallpapers_3.jpg,african penguin
42,African_Wild_Dog/African_2BWild_2BDog_2B4.jpg,african wild dog
43,African_Wild_Dog/African_hunting_dog-2013-04.jpg,african wild dog
44,African_Wild_Dog/African_Wild_Dog_2012_000.jpg,african wild dog
45,African_Wild_Dog/African_Wild_Dog_4.jpg,african wild dog
46,African_Wild_Dog/African_Wild_Dog_5.jpg,african wild dog
47,African_Wild_Dog/African_Wild_Dog_cut.jpg,african wild dog
48,African_Wild_Dog/African_Wild_Dog_Face.jpg,african wild dog
49,"African_Wild_Dog/African_Wild_Dog,_Chobe_NP,_Botswana.jpg",african wild dog
50,African_Wild_Dog/African_Wild_Dog-1.jpg,african wild dog
51,African_Wild_Dog/African_Wild_Dog.jpg,african wild dog
52,African_Wild_Dog/African_painted_dog_2C_or_African_wi.jpg,african wild dog
53,African_Wild_Dog/The_Wild_Dog.jpg,african wild dog
54,African_Wild_Dog/Wild_Dog_African.jpg,african wild dog
55,African_Wild_Dog/Wild_Dog_Lycaon.jpg,african wild dog
56,Alligator/Alligator_mississippiensis__282_29_2.jpg,alligator
57,Alligator/American_Alligator_Hd_Wallpaper_2013.jpg,alligator
58,Alligator/American_Alligator_New_Pictures_2013.jpg,alligator
59,Alligator/Saltwater_crocodile__2.jpg,alligator
60,Alligator/Saltwater_crocodile_8.jpg,alligator
61,Alligator/Two_American_Alligator.jpg,alligator
62,Alligator/Wild_American_Alligator.jpg,alligator
63,Alpine_Ibex/Alpine_Ibex.jpg,alpine ibex
64,Alpine_Ibex/Alpine_Ibex3.jpg,alpine ibex
65,Alpine_Ibex/Alpine_Ibex5.jpg,alpine ibex
66,Alpine_Ibex/Capra_ibex_ibex__E2_80_93_03.jpg,alpine ibex
67,American_Oystercatcher/American_20Oystercatcher_200068.jpg,american oystercatcher
68,American_Oystercatcher/American_20Oystercatcher_200090.jpg,american oystercatcher
69,American_Oystercatcher/American_Oystercatcher_20s36-31-016_.jpg,american oystercatcher
70,Anaconda/HDhut.blogspot.com__2810_29.jpg,anaconda
71,Anaconda/HDhut.blogspot.com__2819_29.JPG,anaconda
72,Anaconda/HDhut.blogspot.com__286_29.jpg,anaconda
73,Anaconda/sanjayarra.blogspot__282_29.jpg,anaconda
74,Anaconda/sanjayarra.blogspot__284_29.jpg,anaconda
75,Anaconda/small_snake_on_the_wood_wallpapers.jpg,anaconda
76,Anaconda/Snake_06.jpg,anaconda
77,Angelfish/Caribbean_Blue_Angelfish_252C_Gulf_O.jpg,angelfish
78,Angelfish/Emperor_20Mid_20ad._20AQ_20(2)LG.JPG,angelfish
79,Angelfish/Marine_Angelfish1.jpg,angelfish
80,Angelfish/Marine_Angelfish2.jpg,angelfish
81,Angelfish/Marine_Angelfish3.jpg,angelfish
82,Angelfish/Marine_Angelfish4.jpg,angelfish
83,Ant/Ant_Queen_pictures_beautiful_animals.jpg,ant
84,Ant/queen_ant_on_white_background.jpg,ant
85,Aquatic_Warbler/AQUATIC_20WARBLER_20PIC.jpg,aquatic warbler
86,Aquatic_Warbler/Aquatic_20Warbler1.jpg,aquatic warbler
87,Aquatic_Warbler/Aquatic_20warbler_tcm9-198483.jpg,aquatic warbler
88,Aquatic_Warbler/Aquatic_2BWarbler_2B2_2BDluga_2BLuka.jpg,aquatic warbler
89,Aquatic_Warbler/Aquatic_2Bwarbler_2BAcrocephalus_2Bp-1.jpg,aquatic warbler
90,Aquatic_Warbler/Aquatic_2Bwarbler_2BAcrocephalus_2Bp.jpg,aquatic warbler
91,Aquatic_Warbler/Aquatic_Warbler_1_200811.jpg,aquatic warbler
92,Aquatic_Warbler/Aquatic_Warbler_head_190811.jpg,aquatic warbler
93,Aquatic_Warbler/Aquatic_warbler_Poland_9275_crop.jpg,aquatic warbler
94,Aquatic_Warbler/Ian_2BBallam_2BAquatic.jpg,aquatic warbler
95,Arctic_Wolf/arctic_wolf.jpg,arctic wolf
96,Arctic_Wolf/Arctic_Wolf2.jpg,arctic wolf
97,Armadillo/Armadillo_4.jpg,armadillo
98,Armadillo/armadillo_wallpapers_1.jpg,armadillo
99,Armadillo/armadillo_wallpapers_3.jpg,armadillo
100,Armadillo/armadillo_wallpapers_4.jpg,armadillo
101,Armadillo/armadillo_wallpapers_5.jpg,armadillo
102,Asian_Elephant/Asian_elephant_image.jpg,asian elephant
103,Asian_Elephant/Asian_Elephant.jpg,asian elephant
104,Asian_Elephant/Asian_Elephant2.jpg,asian elephant
105,Asian_Elephant/asian_elephant4.jpg,asian elephant
106,Asian_Elephant/Asian_Elephant6.jpg,asian elephant
107,Asian_Elephant/Asian_Elephant7.jpg,asian elephant
108,Asian_Elephant/Baby_Asian_Elephant_Makes_First_Publ.jpg,asian elephant
109,Asian_Elephant/Elephas_maximus__28Bandipur_29.jpg,asian elephant
110,Asian_Elephant/Photo_204.jpg,asian elephant
111,Asian_Elephant/two_elephant_kiss_photo.jpg,asian elephant
112,Asian_Lion/Asian_Lion.jpg,asian lion
113,Atlantic_Puffin/Atlantic_Puffin_.jpg,atlantic puffin
114,Atlantic_Puffin/Atlantic_Puffin_1.jpg,atlantic puffin
115,Atlantic_Puffin/Atlantic_Puffin_2.jpg,atlantic puffin
116,Atlantic_Puffin/Atlantic_Puffin_4.JPG,atlantic puffin
117,Atlantic_Puffin/Atlantic_Puffin_6.jpg,atlantic puffin
118,Atlantic_Puffin/Atlantic_Puffin_7.jpg,atlantic puffin
119,Atlantic_Puffin/Atlantic_puffin_or_clown_bird.jpg,atlantic puffin
120,Atlantic_Puffin/Atlantic_Puffin.jpg,atlantic puffin
121,Atlantic_Puffin/Atlantic_Puffin6.jpg,atlantic puffin
122,Atlantic_Spotted_Dolphin/1200px-Atlantic_spotted_dolphin__28S.jpg,atlantic spotted dolphin
123,Atlantic_Spotted_Dolphin/atlatic_20spotted_20dolphin_20(6).12.jpg,atlantic spotted dolphin
124,Audubon's_Shearwater/1200px-Audobon_27s_Shearwater.jpg,audubon's shearwater
125,Audubon's_Shearwater/Audubon_2527s_Shearwater_b52-2-046_l.jpg,audubon's shearwater
126,Audubon's_Shearwater/Audubon_2527s_Shearwater_b52-2-047_l-1.jpg,audubon's shearwater
127,Audubon's_Shearwater/Audubon_2527s_Shearwater_b52-2-049_l.jpg,audubon's shearwater
128,Audubon's_Shearwater/Audubon_27s_Shearwater__286_29.JPG,audubon's shearwater
129,Audubon's_Shearwater/Audubon's_Shearwater_8-3-13_(2).jpg,audubon's shearwater
130,Audubon's_Shearwater/Audubon's_Shearwater_8-3-13_(3).jpg,audubon's shearwater
131,Audubon's_Shearwater/Audubon's_Shearwater_8-3-13_BBC_Pela.jpg,audubon's shearwater
132,Audubon's_Shearwater/Audubon's_Shearwater._8-3-13_BBC_Pel.jpg,audubon's shearwater
133,Audubon's_Shearwater/Audubon's_Shearwater2_Hatteras_NC_5_.jpeg,audubon's shearwater
134,Audubon's_Shearwater/Black-vented_20Shearwater_20t18-6-00.jpg,audubon's shearwater
135,Audubon's_Shearwater/Buller_2527s_Shearwater_h28-1-005_l.jpg,audubon's shearwater
136,Audubon's_Shearwater/Cory_2527s_Shearwater_m55-1-006_l.jpg,audubon's shearwater
137,Audubon's_Shearwater/Cory_27s_20Shearwater_20m55-1-009_V.jpg,audubon's shearwater
138,Audubon's_Shearwater/Manx_20Shearwater_20t08-14-176_V-1.jpg,audubon's shearwater
139,Audubon's_Shearwater/Manx_20Shearwater_20t08-14-176_V.jpg,audubon's shearwater
140,Audubon's_Shearwater/Scopoli's_Shearwater.jpg,audubon's shearwater
141,Audubon's_Shearwater/Sooty_20Shearwater_20b57-10-182_V.jpg,audubon's shearwater
142,Audubon's_Shearwater/Wedge-tailed_20Shearwater_20p35-1-00.jpg,audubon's shearwater
143,Australasian_Grebe/Australasian_20Little_20Grebe_Whanga-1.jpg,australasian grebe
144,Australasian_Grebe/Australasian_Grebe_IMG_3963.JPG,australasian grebe
145,Australasian_Grebe/Australasian_Grebe_Christmas__28Eve_.jpg,australasian grebe
146,Australasian_Grebe/Grebe_203_big.jpg,australasian grebe
147,Australasian_Grebe/Grebe_Australasian_20_28Geoffrey_20D.jpg,australasian grebe
148,Australian_Pelican/1200236Pelican_20flight-.jpg,australian pelican
149,Australian_Pelican/Australian_Pelican_1.jpg,australian pelican
150,Australian_Pelican/Australian_pelican_HD_Wallpapers_(3).jpg,australian pelican
151,Australian_Pelican/australian_pelican.jpg,australian pelican
152,Badger/1200px-M_C3_A4yr_C3_A4__C3_84ht_C3_A.jpg,badger
153,Badger/1200px-Taxidea_taxus__28Point_Reyes_.jpg,badger
154,Badger/Badger_4.jpg,badger
155,Barn_Owl/2014-05-09_22.06.33.jpg,barn owl
156,Barn_Owl/Barn_Owl.jpg,barn owl
157,Barn_Owl/BARNOWLonlookout-sml_-_Copy.jpg,barn owl
158,Barn_Owl/IMG_8280_20short_20eared_20owl_20res.jpg,barn owl
159,Bean_Goose/_Tundra_Bean_Goose03262011___252816_.jpg,bean goose
160,Bean_Goose/Bean_20Goose_201_20Aston_2024_20Jan_.jpg,bean goose
161,Bean_Goose/bean_goose_1.jpg,bean goose
162,"Bean_Goose/Taiga_20Bean_20Goose,_20Holkham,_209-1.JPG",bean goose
163,"Bean_Goose/Taiga_20Bean_20Goose,_20Holkham,_209-2.JPG",bean goose
164,"Bean_Goose/Taiga_20Bean_20Goose,_20Holkham,_209.JPG",bean goose
165,"Bean_Goose/Tundra_20Bean_20Goose,_20Burnham_20O-1.JPG",bean goose
166,"Bean_Goose/Tundra_20Bean_20Goose,_20Burnham_20O.JPG",bean goose
167,Bean_Goose/tundra_bean_geese_04_28122012.jpg,bean goose
168,Bee/A_cineraria_close_up.jpg,bee
169,Bee/Andrena_fulva_April13_(16)-1.JPG,bee
170,Bee/Andrena_fulva_April13_(16).JPG,bee
171,Bee/bee_(2).jpg,bee
172,Bee/bees_(2).jpg,bee
173,Bee/bumble_bee.JPG,bee
174,Bee/Bumblebee_20PDIS_20Pia2.JPG,bee
175,Bee/leafcutter_2Bscopa.JPG,bee
176,Bee/Mason_bees_6_May13__252815_2529.JPG,bee
177,Bee/solitary_2Bbee.jpg,bee
178,Bee/Solitary_Bee_Nadine.JPG,bee
179,Beetle/1200px-Hycleus_lugens_2C_Meloidae.jpg,beetle
180,Beetle/2_Shawnee_State_Forest_252C_Scioto_C.JPG,beetle
181,Beetle/green_une_beetle.jpg,beetle
182,Beetle/virginia_2Bbig_2Bheaded_2Btiger_2Bbe.jpg,beetle
183,Bison/American_Bison__25282_2529.JPG,bison
184,Bison/American_Bison_HD_Wallpapers_(13).jpg,bison
185,Bison/American_Bison_HD_Wallpapers_(20).jpg,bison
186,Bison/american_bison_images_02.jpg,bison
187,Bison/Wild_Bison_HD_Wallpaper_2013-14_07.jpg,bison
188,Bison/Wood_2BBison_2B3.jpg,bison
189,Black_House_Spider/20_Feb_001.jpg,black house spider
190,Black_House_Spider/Anni_Spider_012.jpg,black house spider
191,Black_House_Spider/Badumna3black_20house_20spider.jpg,black house spider
192,Black_House_Spider/Black_House_Spider__009AA__Badumna_s.JPG,black house spider
193,Black_Necked_Stilt/1200px-Black-necked_Stilt__28Himanto.jpg,black necked stilt
194,Black_Necked_Stilt/Black-necked_20Stilt_20(San_20Joachi.jpg,black necked stilt
195,Black_Necked_Stilt/Black-necked_20Stilt_20-_2004.jpg,black necked stilt
196,Black_Necked_Stilt/Black-necked_20Stilt_200051.jpg,black necked stilt
197,"Black_Necked_Stilt/Black-necked_20Stilt,_20Wakodahatche.JPG",black necked stilt
198,Black_Necked_Stilt/Cheyenne_2BBottoms_2B2011_2B218_FL.jpg,black necked stilt
199,Black_Necked_Stilt/zzStilt-Black_necked_IMG_7681.jpg,black necked stilt
200,Black_Rhinoceros/animals_8.jpg,black rhinoceros
201,Black_Rhinoceros/Black_Rhino.jpg,black rhinoceros
202,Black_Rhinoceros/Black_Rhinoceros_3.jpg,black rhinoceros
203,Black_Rhinoceros/Black_rhinoceros_HD_Wallpapers_(1).jpeg,black rhinoceros
204,Black_Rhinoceros/Black_rhinoceros_HD_Wallpapers_(4).jpg,black rhinoceros
205,Black_Rhinoceros/Rhino_Wallpapers_10.jpg,black rhinoceros
206,Black_Rhinoceros/The_most_endagered__and_rare_animal_.jpg,black rhinoceros
207,Black_Widow_Spider/1200px-Western_Black_Widow__28Latrod.JPG,black widow spider
208,Black_Widow_Spider/black_2Bwidow_2Bspider_2B4.jpg,black widow spider
209,Black_Widow_Spider/Black_2BWidow_2BSpider_2Bwith_2BRed_.JPG,black widow spider
210,Black_Widow_Spider/Black_Widow_Spider.jpg,black widow spider
211,Black_Widow_Spider/black_widow_spider4.jpg,black widow spider
212,Blister_Beetle/DSC_0222_2B-_2BCopy.JPG,blister beetle
213,Blister_Beetle/Epicauta_hirticornis__28Haag-Rutenbe.jpg,blister beetle
214,Blue-footed_Booby_Bird/blue_footed_boobie.jpg,blue-footed booby bird
215,"Blue-footed_Booby_Bird/Blue_Footed_Booby,_Galapagos_Islands.jpg",blue-footed booby bird
216,Blue-footed_Booby_Bird/blue_footed.jpg,blue-footed booby bird
217,Blue-footed_Booby_Bird/Blue-footed_2520Booby_2520f11-5-005_.jpg,blue-footed booby bird
218,Blue-footed_Booby_Bird/Blue-footed_2520Booby_2520l07-40-031.jpg,blue-footed booby bird
219,Blue-footed_Booby_Bird/blue-footed_booby002_.jpeg,blue-footed booby bird
220,Blue-footed_Booby_Bird/blue-footed_booby003_.jpg,blue-footed booby bird
221,Blue-footed_Booby_Bird/booby_pic.jpg,blue-footed booby bird
222,Blue-footed_Booby_Bird/lovely_colorful_birds_(9).jpg,blue-footed booby bird
223,Boa_Constrictor_Snake/1280px-Boa_constrictor_2C_Va_C5_88ko.jpg,boa constrictor snake
224,Boa_Constrictor_Snake/boa_cons1.jpg,boa constrictor snake
225,Boa_Constrictor_Snake/Boa_constrictor_06.jpg,boa constrictor snake
226,Boa_Constrictor_Snake/Boa_Constrictor_3-1.jpg,boa constrictor snake
227,Boa_Constrictor_Snake/Boa_Constrictor_3.jpg,boa constrictor snake
228,Boa_Constrictor_Snake/Boa_Constrictor-1.jpg,boa constrictor snake
229,Boa_Constrictor_Snake/Boa_Constrictor.JPG,boa constrictor snake
230,Boa_Constrictor_Snake/Boa_constrictor_2C_Va_C5_88kovka_2C_.jpg,boa constrictor snake
231,Boa_Constrictor_Snake/Boa_photo__26_plate.jpg,boa constrictor snake
232,Boa_Constrictor_Snake/Red-Tailed-Boa-Constrictor-photos_2B.jpg,boa constrictor snake
233,Boa_Constrictor_Snake/snake_20boa_20constrictor_20bg.jpg,boa constrictor snake
234,Bottlenose_Dolphin/Bottlenose_2BDolphin.jpg,bottlenose dolphin
235,Bottlenose_Dolphin/Bottlenose_Dolphin_2.jpg,bottlenose dolphin
236,Bottlenose_Dolphin/Bottlenose_Dolphin_5.jpg,bottlenose dolphin
237,Bottlenose_Dolphin/bottlenose_dolphin_wallpaper__25285_.jpg,bottlenose dolphin
238,Bottlenose_Dolphin/Bottlenose_dolphin_HD.jpg,bottlenose dolphin
239,Bottlenose_Dolphin/Tursiops_aduncus_2C_Port_River_2C_Ad.jpg,bottlenose dolphin
240,Bowhead_Whale/Bowhead_whale1.jpg,bowhead whale
241,Brazilian_Wandering_Spider/1200px-Wandering_Spider__28Phoneutri.jpg,brazilian wandering spider
242,Brazilian_Wandering_Spider/Brazilian_Wandering_Spider.JPG,brazilian wandering spider
243,British_Wild_Cat/Scottish_20Wildcat0214.jpg,british wild cat
244,British_Wild_Cat/Scottish_Wild_Cat.jpg,british wild cat
245,Brown_Noddy_Tern/Galapagos_Brown_Noddy_at_Punta_Vince.jpg,brown noddy tern
246,Brown_Pelican/Brown_20Pelican_20Chris_20Willis_20-.jpg,brown pelican
247,"Brown_Pelican/Brown_20Pelican,_20Galapagos_202013.jpg",brown pelican
248,Brown_Pelican/Galapagos_201-2-09_20Bachas_20Pelica.JPG,brown pelican
249,Brown_Pelican/santa_2Bcruz.JPG-72.JPG,brown pelican
250,Brown_Recluse_Spider/brown_20recluse_20spider.jpg,brown recluse spider
251,Brown_Recluse_Spider/Brown_20recluse.jpg,brown recluse spider
252,Brown_Recluse_Spider/Brown_recluse_spider_2C_Loxosceles_r.jpg,brown recluse spider
253,Brydes_Whale/Bryde_27s_20Whale_20Galapagos_20Isla.jpg,brydes whale
254,Brydes_Whale/Brydes_20Whale_203573.JPG,brydes whale
255,Brydes_Whale/Brydes_20Whale_20Galapagos_20WEB_20I-1.jpg,brydes whale
256,Bumble_Bee/1200px-Tree_bumblebee__28Bombus_hypn.jpg,bumble bee
257,Bumble_Bee/bumble_20bee_20shutterstock_3144238.jpg,bumble bee
258,Burying_Beetle/1_American_Burying_Beetle_252C_The_W.JPG,burying beetle
259,Burying_Beetle/ABB_SD_20Game_20Fish_20and_20Parks.jpg,burying beetle
260,Burying_Beetle/american_buryingbeetle4.jpg,burying beetle
261,Burying_Beetle/Maine_Summer_2013_760_crop.jpg,burying beetle
262,Butterfly/1200px-Small_heath__28Coenonympha_pa.jpg,butterfly
263,Butterfly/Beautiful_Butterfly_Desktop_Wallpape-1.jpg,butterfly
264,Butterfly/Beautiful_Butterfly_Desktop_Wallpape.jpg,butterfly
265,Butterfly/Black_butterfly_wallpaper2.jpg,butterfly
266,Butterfly/Blue_butterfly_wallpaper1.jpg,butterfly
267,Butterfly/Butterfly_Desktop_Backgrounds.jpg,butterfly
268,Butterfly/Butterfly_hd_wallpapers_2013_0.jpg,butterfly
269,Butterfly/butterfly_photo.jpg__252827_2529.jpg,butterfly
270,Butterfly/Fantastic_Butterfly_19.jpg,butterfly
271,Butterfly/Fantastic_Butterfly_20.jpg,butterfly
272,Butterfly/Fantastic_Butterfly_21.jpg,butterfly
273,Butterfly/Fantastic_Butterfly_23.jpg,butterfly
274,Butterfly/Fantastic_Butterfly_6.jpg,butterfly
275,Butterfly/Funny_painted_lady_butterfly_1.jpg,butterfly
276,Butterfly/Swallowtail_Butterfly-1.jpeg,butterfly
277,Cape_Gannet_Bird/1200237seab_20cape_20gannet_201.jpg,cape gannet bird
278,Cape_Gannet_Bird/1200238Gannet-_20adult_20on_20rock_2.jpg,cape gannet bird
279,Cape_Gannet_Bird/Cape_20Gannet_Malgas_20Is_1979_0.jpg,cape gannet bird
280,"Cape_Gannet_Bird/cape_20kidnappers_20gannet,.jpg",cape gannet bird
281,Capuchin_Monkey/Capuchin_Monkey_Wallpaper12.jpg,capuchin monkey
282,Capuchin_Monkey/Capuchin_Monkeys_-_Ometepe.jpg,capuchin monkey
283,Capuchin_Monkey/md9_2012-18-05.jpg,capuchin monkey
284,Capybara/1200px-Capybara__28Hydrochoerus_hydr.JPG,capybara
285,Capybara/capybara_2Bpitures-2.jpg,capybara
286,Capybara/Capybara_HD_Wallpapers_(4).jpg,capybara
287,Capybara/Capybara_HD_Wallpapers_(7).jpg,capybara
288,Capybara/Capybara_Hattiesburg_Zoo__2870909b-5.jpg,capybara
289,Cardinal/Cardinal_Red_Birds03.jpg,cardinal
290,"Cardinal/Cardinal,_20Northern_20Ash_202011.jpg",cardinal
291,"Cardinal/Cardinal-Norther,_male_IMG_0048b.jpg",cardinal
292,Cardinal/cardinals_northern_male_and_female_w.jpg,cardinal
293,Cardinal/northern_cardinal_male.jpg,cardinal
294,Cardinal/The_2BAttractive_2BNorthern_2BCardin.jpg,cardinal
295,Caribou/1200px-Reinbukken_p_C3_A5_frisk_gr_C.jpg,caribou
296,Caribou/3a_2BCaribou_2B-_2BDenali.jpg,caribou
297,Caribou/3b_2BCaribou_2B-_2BDenali.jpg,caribou
298,Caribou/Caribou_Best_Shot.jpg,caribou
299,Caribou/Caribou_HD_Wallpapers_(4).jpg,caribou
300,Caribou/Caribou_Pic.jpg,caribou
301,Centipede/banded_desert_centipede.jpg,centipede
302,Centipede/Garden_007_cropped.jpg,centipede
303,"Centipede/House_Centipede,_Jim_McCormac.JPG",centipede
304,Centipede/red_headed_centipede.jpg,centipede
305,Cheetah/1200px-Cheetah_Male__28Acinonyx_juba.jpg,cheetah
306,Cheetah/animals_big_cats_Female-Cheetah_hunt.jpg,cheetah
307,Cheetah/cats_-_cheetah.jpg,cheetah
308,Cheetah/Cheetah_20family_20picture_20Image_2.jpg,cheetah
309,Cheetah/cheetah_2B2.jpg,cheetah
310,Cheetah/cheetah_2Bwallpaper.jpg,cheetah
311,Cheetah/cheetah_08.jpg,cheetah
312,Cheetah/cheetah_34632.jpg,cheetah
313,Cheetah/Cheetah_adoption_protection_of_endan.jpg,cheetah
314,Cheetah/cheetah_adoption_Usain_Bolt_adopts_b.jpg,cheetah
315,Cheetah/Cheetah-cub_theetah_hunting_cheetah_.jpg,cheetah
316,Cheetah/Cheetahtop_ten_most_dangerous_animal.jpg,cheetah
317,Cheetah/List_of_the_best_African_animal_safa.jpg,cheetah
318,Chinstrap_Penguin/Chinstrap_Pe.jpg,chinstrap penguin
319,Chinstrap_Penguin/Chinstrap_Penguin_2.jpg,chinstrap penguin
320,Chinstrap_Penguin/Chinstrap_Penguin_4.jpg,chinstrap penguin
321,Chinstrap_Penguin/Chinstrap_Penguin_5.jpg,chinstrap penguin
322,Chinstrap_Penguin/Chinstrap_Penguin_6-1.jpg,chinstrap penguin
323,Chinstrap_Penguin/Chinstrap_Penguin_6.jpg,chinstrap penguin
324,Chinstrap_Penguin/Chinstrap_Penguin_7.jpg,chinstrap penguin
325,Chinstrap_Penguin/Chinstrap_penguin2.jpg,chinstrap penguin
326,Chinstrap_Penguin/Chinstrap_penguin7.JPG,chinstrap penguin
327,Chinstrap_Penguin/IMG_4381_20copy.jpg,chinstrap penguin
328,Chinstrap_Penguin/Penguin-Chinstrap_1.jpg,chinstrap penguin
329,Chipmunk/Chipmunk_7_-Muskallonge_Lake_SP.JPG,chipmunk
330,Chipmunk/Chipmunk_8_-Muskallonge_Lake_SP.JPG,chipmunk
331,Chipmunk/chipmunk_image.jpg,chipmunk
332,Chipmunk/Chipmunks_image-1.jpg,chipmunk
333,Chipmunk/Chipmunks_image.jpg,chipmunk
334,Chipmunk/Chipmunks_picture.jpg,chipmunk
335,Chipmunk/chipmunks_pictures.jpg,chipmunk
336,Chipmunk/fat_chipmunk.jpg,chipmunk
337,Chipmunk/Funny_Chipmunk__5.jpg,chipmunk
338,Chipmunk/Funny_Chipmunk3.jpg,chipmunk
339,Christmas_Beetle/Cheltenham_Christmas_beetle_3.jpg,christmas beetle
340,Christmas_Beetle/Christmas_20Beetle_2_big.jpg,christmas beetle
341,Christmas_Beetle/Christmas_beetle_.JPG,christmas beetle
342,Christmas_Beetle/Christmas_Beetle_head_on.JPG,christmas beetle
343,Christmas_Beetle/Christmas_Beetle_Solid_Green_shell.jpg,christmas beetle
344,Christmas_Beetle/Christmas_Beetle.JPG,christmas beetle
345,Christmas_Beetle/iridescent_beetle.jpg,christmas beetle
346,Christmas_Beetle/king_20beetle_20Anoplognathus_20viri.jpg,christmas beetle
347,"Click_Beetle/Click_beetle,_Athous_haemorrhoidalis.jpg",click beetle
348,Commerson_Dolphin/Commerson_2527s_Dolphin2.jpg,commerson dolphin
349,Common_Buzzard/47_Common_Buzzard.jpg,common buzzard
350,Common_Buzzard/Buteo_buteo_-Hamerton_Zoo_2C_Cambrid.jpg,common buzzard
351,Common_Buzzard/Buzzard_(12).JPG,common buzzard
352,Common_Buzzard/Common_2BBuzzard.jpg,common buzzard
353,Common_Buzzard/Common_2BBuzzard2.JPG,common buzzard
354,Common_Buzzard/Common_Buzzard_8562.jpg,common buzzard
355,Common_Buzzard/Common_Buzzard_CL5.jpg,common buzzard
356,Common_Buzzard/Common_Buzzard-1.jpg,common buzzard
357,Common_Buzzard/Common_Buzzard.jpg,common buzzard
358,Common_Buzzard/IMG_2452_Common_Buzzard_130414.jpg,common buzzard
359,Common_Dolphin/Common_20Dolphin.jpg,common dolphin
360,Common_Dolphin/common_2520dolphin.jpg,common dolphin
361,Common_Dolphin/Common_2BDolphin_002A_2B-_2BCrossing.JPG,common dolphin
362,Common_Dolphin/common_dolphin2.jpg,common dolphin
363,Common_Dolphin/common-dolphin_1742ad_255B1_255D.jpg,common dolphin
364,Common_Dolphin/Icon_Common_dolphin-1.png,common dolphin
365,Common_Dolphin/Icon_Common_dolphin.png,common dolphin
366,Common_Dolphin/Long_beaked_common_dolphin3.jpg,common dolphin
367,Common_Dolphin/Long_beaked_common_dolphin4.jpg,common dolphin
368,Common_Frog/Common_20frog-1.jpg,common frog
369,Common_Frog/Common_20frog.jpg,common frog
370,Common_Frog/Common_Frog_2528Norway_2529.jpg,common frog
371,Common_Frog/Common_Frog_in_Norway_2C_2007.jpg,common frog
372,Common_Frog/David_20Plant_20Photography_20-_20Wi.JPG,common frog
373,Common_Frog/Frog_Eye1.JPG,common frog
374,Common_Hippopotamus/Hippo_2B1.jpg,common hippopotamus
375,Common_Hippopotamus/Hippopotamus_1.jpg,common hippopotamus
376,Common_Hippopotamus/Hippopotamus_amphibius__Common_Hippo-2.JPG,common hippopotamus
377,Common_Hippopotamus/Hippopotamus_amphibius__Common_Hippo.JPG,common hippopotamus
378,Common_Kingfisher/Amazing_pictures_animals__Photos_Zoo.jpg,common kingfisher
379,Common_Kingfisher/Common_Kingfisher_with_fish.jpg,common kingfisher
380,Common_Kingfisher/Common_Kingfisher_Feb_sri_(1_of_1).jpg,common kingfisher
381,Common_Kingfisher/Common_kingfisher_2C_October_2015_2C.jpg,common kingfisher
382,Common_Kingfisher/Common_kingfisher_2C_Tenn_C5_8Dji_Pa.jpg,common kingfisher
383,Common_Kingfisher/Kingfisher_common_bird_(3).jpg,common kingfisher
384,Common_Kingfisher/Kingfisher_common_bird_(6).jpg,common kingfisher
385,Common_Lizard/1200px-Common__28viviparous_29_lizar.jpg,common lizard
386,Common_Lizard/Common_2BLizard_2C_2BARC_2C_2B11-6-1.JPG,common lizard
387,Common_Lizard/Common_2BLIzard.jpg,common lizard
388,Common_Lizard/Common_Lizard_10.jpg,common lizard
389,Common_Lizard/Common_Lizard_22.jpg,common lizard
390,Common_Lizard/Common_Lizard_7.jpg,common lizard
391,Common_Lizard/common_lizard.jpg,common lizard
392,Common_Lizard/common_lizard4.jpg,common lizard
393,Common_Lizard/IMGP3307_cc.jpg,common lizard
394,"Common_Lizard/Male_Common_Lizard,Messingham_Sand_Q.jpg",common lizard
395,Common_Lizard/MP7A2578Common_Lizardx.jpg,common lizard
396,Common_Lizard/MP7A2639Common_Lizardx.jpg,common lizard
397,Common_Lizard/Texas_20Spiny_20Lizard_20NBC_208-3-1.jpg,common lizard
398,Common_Newt/Common_Newt_-_Triturus_vulgaris__288.jpg,common newt
399,Common_Newt/DSC00172Common_Newt-1.jpg,common newt
400,Common_Newt/DSC00172Common_Newt.jpg,common newt
401,Common_Newt/DSC_0489_copy.jpg,common newt
402,Common_Newt/kleine_20watersalamander_209.jpg,common newt
403,Common_Newt/Smooth_20newt_20pair.jpg,common newt
404,Common_Seal/_funny_Common_Seal_picture_(4).jpg,common seal
405,Common_Seal/1372260484__DSC6086-Common_20seal--.jpg,common seal
406,Common_Seal/Capture_Common_Seal_-_James_Deane.JPG,common seal
407,Common_Seal/Common_20seal.JPG,common seal
408,Common_Seal/Common_2BSeal_2B2.jpg,common seal
409,Common_Seal/Common_2BSeal-4.jpg,common seal
410,Common_Seal/Common_Seal_4032.jpg,common seal
411,Common_Seal/Common_Seal-1.jpg,common seal
412,Common_Seal/Common_Seal.jpg,common seal
413,Common_Seal/Seal_2B1_2Bcopy.jpg,common seal
414,Common_Seal/Seal_2B2_2Bcopy.jpg,common seal
415,Common_Seal/Seal_2.jpg,common seal
416,Common_Toad/Common_2BToad3.jpg,common toad
417,Common_Toad/Common_toad_1.jpg,common toad
418,Common_Toad/Common_toad__28Bufo_bufo_29_Kampinos.jpg,common toad
419,Common_Wasp/Common_20Wasp_20_28Vespula_20vulgari.JPG,common wasp
420,Common_Wasp/insct_20Wasp_20A_207DII_001_31-10-16.jpg,common wasp
421,Common_Wasp/Vespula_vulgaris__28Common_Wasp_29_-.jpg,common wasp
422,Copperhead_Snake/baby_20copperhead_2005.jpg,copperhead snake
423,Copperhead_Snake/Copperhead_snake.jpg,copperhead snake
424,Copperhead_Snake/Southern_Copperhead.jpg,copperhead snake
425,Cormorant/FLIGHTLESS_20CORMORANT1_crop.jpg,cormorant
426,Cormorant/Galapagos_Cormorant_01951335-81f9-49.jpg,cormorant
427,"Corncrake/10-Corncrake,_20Crex_20crex.jpg",corncrake
428,Corncrake/Capture_DE_Corncrake_2-1.JPG,corncrake
429,Corncrake/Capture_DE_Corncrake_2.JPG,corncrake
430,Corncrake/Corncrake_20(1)_20Bailey.jpg,corncrake
431,Corncrake/Corncrake_2016_20(John_20Carey)_lge.JPG,corncrake
432,Corncrake/Corncrake_20PB1.jpg,corncrake
433,Corncrake/Corncrake_2BCrex_2Bcrex.jpg,corncrake
434,Corncrake/Corncrake_4.jpg,corncrake
435,Corncrake/Corncrake_John_Anderson_May_12.JPG,corncrake
436,Cottonmouth_Snake/1024px-Snake_Cottonmouth_2C_Agkistro.jpg,cottonmouth snake
437,Cottonmouth_Snake/Agkistrodon_piscivorous1_touchedup.JPG,cottonmouth snake
438,Cottonmouth_Snake/Cottonmouth_snake_01.jpg,cottonmouth snake
439,Cottonmouth_Snake/Eastern_20Cottonmouth_20(Agkistrodon.JPG,cottonmouth snake
440,Cottonmouth_Snake/Venomous-Cottonmouth-snake-photos_2B-1.JPG,cottonmouth snake
441,Coyote/717px-Urban_Coyote_2C_Bernal_Heights.jpg,coyote
442,Coyote/Urban_Coyote_2C_Bernal_Heights.jpg,coyote
443,Crab/1200px-Ocypode_quadrata__28Cahuita_2.jpg,crab
444,Crab/Compressed_fiddler_crab__28Uca_coarc.jpg,crab
445,Crab/Crab_Wallpapers_01.jpg,crab
446,Crab/Crab_Wallpapers_05.jpg,crab
447,Crab/Crab_Wallpapers_07.jpg,crab
448,Crab/Crab_Wallpapers_10.jpg,crab
449,Crab/Crab_Wallpapers.jpg,crab
450,Crab/Hermit_Crab5.JPG,crab
451,Crab/purple_shore_crab_2.jpg,crab
452,Crab_Plover/260px-Reiherl_C3_A4ufer.jpg,crab plover
453,Crab_Plover/296_20Crab_20Plover_20TIFF.jpg,crab plover
454,Crab_Plover/300px-Reiherl_C3_A4ufer.jpg,crab plover
455,Crab_Plover/crab_plover_10.jpg,crab plover
456,Crab_Plover/crab_plover_11.jpg,crab plover
457,Crab_Plover/crab_plover_3.jpg,crab plover
458,Crab_Plover/crab_plover_5.jpg,crab plover
459,Crab_Plover/crab_plover_6.jpg,crab plover
460,Crab_Plover/crab_plover_7.jpg,crab plover
461,Crab_Plover/crab_plover_8.jpg,crab plover
462,Crab_Plover/crab_plover_9.jpg,crab plover
463,Crab_Plover/Crab_plover_Dromas_ardeola.jpg,crab plover
464,Crab_Plover/crab_plover.JPG,crab plover
465,Crab_Plover/Crab_Plover.png,crab plover
466,Crab_Plover/IMG_7732_Crab_Plover_191113.jpg,crab plover
467,Crab_Plover/IMG_7755_Crab_Plover_191113.jpg,crab plover
468,Crab_Plover/IMG_7768_Crab_Plover_191113.jpg,crab plover
469,Crab_Plover/IMG_8266_Crab_Plover-1.jpg,crab plover
470,Crab_Plover/IMG_8266_Crab_Plover.jpg,crab plover
471,Crab_Plover/IMG_8273_Crab_plover_g.jpg,crab plover
472,Crab_Plover/IMG_8281_Crab_plover.jpg,crab plover
473,Crab_Plover/IMG_8293_Crab_plover_fish.jpg,crab plover
474,Crab_Plover/Plover_20Crab.jpg,crab plover
475,Crab_Plover/WLjdyNKI9U__crab_20plover_20FFF2818l.jpg,crab plover
476,Crocodile/Crocodile_Africa_crocodile_albinos_i.jpg,crocodile
477,Crocodile/Crocodile_Nile_crocodile_crocodile_k-1.jpg,crocodile
478,Crocodile/Dangerous_animal_attacks_news_beauti.jpg,crocodile
479,Crocodile/Marsh_crocodile.jpg,crocodile
480,Crocodile/Saltwater_crocodile_5.jpg,crocodile
481,Crocodile/Saltwater_crocodile_9.jpg,crocodile
482,Cuviers_Dwarf_Caiman/IMGP0097_20Dwarf_20Caiman_20sm.jpg,cuviers dwarf caiman
483,Darkling_Beetle/darkling_beetle-1.JPG,darkling beetle
484,Darkling_Beetle/darkling_beetle.jpg,darkling beetle
485,Darkling_Beetle/Tenebrionidae_Beetle_2C_Little_Stsim.jpg,darkling beetle
486,Darkling_Beetle/vlcsnap-2015-07-15-18h13m00s487_2Bbl.jpg,darkling beetle
487,Deer/2012_09_29_1412_edited-2_filtered.jpg,deer
488,Deer/BGS_blog_deer.jpg,deer
489,Deer/buck72_copy_1.jpg,deer
490,Deer/Deer_9.jpg,deer
491,Deer/Deer_image.jpg,deer
492,Deer/deer_pictures_(2).jpg,deer
493,Deer/deer_wallpaper_1.jpg,deer
494,Deer/deer_wallpaper_14.jpg,deer
495,Deer/deer_wallpaper_15.jpg,deer
496,Deer/deer_wallpaper_16.jpg,deer
497,Deer/Deer_Wallpaper_32.jpg,deer
498,Deer/Deer_Wallpaper_47.jpg,deer
499,Deer/Deer_Wallpaper_51.jpg,deer
500,Deer/deer_wallpaper_58.jpg,deer
501,Deer/deer_wallpaper_6.jpg,deer
502,Deer/Funny_deer_wallpaper_desktop2.jpg,deer
503,Deer/mg7453-white_tailed_deer_buck.jpg,deer
504,De_Brazza's_Monkey/350px-De_Brazza_27s_Monkey.jpg,de brazza's monkey
505,De_Brazza's_Monkey/De_Brazza_27s_Monkey__2814398780995_.jpg,de brazza's monkey
506,De_Brazza's_Monkey/MONKEY_DE_BRAZZA.jpg,de brazza's monkey
507,Dolphin/20110726_Aerial_and_Calf_30.jpg,dolphin
508,Dolphin/baby_dolphin10.jpg,dolphin
509,Dolphin/Dolphin_281_29.jpg,dolphin
510,Dolphin/dolphin_hd_wallpapers_1.jpg,dolphin
511,Dolphin/Dolphin_image.jpg,dolphin
512,Dolphin/dolphinpictures__252810_2529.jpg,dolphin
513,Dolphin/dolphinpictures__25287_2529.jpg,dolphin
514,Dragonfly/Blue_dragonfly001.jpg,dragonfly
515,Dragonfly/Brachytron_20pratense_20f_202_20Davi.jpg,dragonfly
516,Dragonfly/dragon_fly_b_sktch_sml.jpg,dragonfly
517,Dragonfly/dragonfly_(1).jpg,dragonfly
518,Dragonfly/Dragonfly__12_Spotted_Skimmer_1.jpg,dragonfly
519,Dragonfly/Dragonfly_picture.jpg,dragonfly
520,Dragonfly/Dragonfly_Wallpapers_03.jpg,dragonfly
521,Dragonfly/Dragonfly_Wallpapers_04.jpg,dragonfly
522,Dragonfly/Dragonfly_Wallpapers_10.jpg,dragonfly
523,Dragonfly/Dragonfly_Wallpapers.jpg,dragonfly
524,Dragonfly/Emperor_3.jpg,dragonfly
525,Dragonfly/Enallagma_20cyathigerum_20tandem_202.jpg,dragonfly
526,Duck/Cute_Baby_duck_swiming_on_Clean_wate.jpg,duck
527,Duck/Duck_Wallpapers_(8).jpg,duck
528,Duck/Little_yellow_Duck.jpg,duck
529,Duck/Mallard_Duck_1.jpg,duck
530,Duck/Mallard_Duck_15.jpg,duck
531,Duck/Wood_20Duck_20m17-67-896_V.jpg,duck
532,Dung_Beetle/1024px-Black-and-white_Dung_Beetle__.jpg,dung beetle
533,Dung_Beetle/Dung_Beetle_1.JPG,dung beetle
534,Dung_Beetle/dung_beetle_at_work.jpg,dung beetle
535,Earthworm/earthworm_by_Alamy.jpg,earthworm
536,"Earthworm/Earthworm,_pub_dom.jpg",earthworm
537,Eastern_Wolf/eastern_wolf.jpg,eastern wolf
538,"Eastern_Wolf/Eastern_20Wolf_20in_20Omega_20Park,_.jpg",eastern wolf
539,Elephant/Cute_Elephant_HD_Wallpapers__25288_2.jpg,elephant
540,Elephant/elephant_ht_desktop_imgae.jpg,elephant
541,Elephant/elephant_pics_(10).jpg,elephant
542,Elephant/Elephant_Wallpapers_2.jpg,elephant
543,Elephant/Elephant_Wallpapers_3.jpg,elephant
544,Elephant/Elephant_wallpapers_photos_pictures_.jpg,elephant
545,Elephant_Seal/Baby_Elephant_Seals_(21).jpg,elephant seal
546,Elephant_Seal/Elephant_Seal_(247).jpg,elephant seal
547,Elephant_Seal/Elephant_Seal_5.jpeg,elephant seal
548,Elephant_Seal/Elephant_Seals_2.jpg,elephant seal
549,Elephant_Seal/IMG_2245_male_elephant_seal_profile.jpg,elephant seal
550,Elephant_Seal/Northern_Elephant_Seal1.jpg,elephant seal
551,Elephant_Seal/Northern_Elephant_Seal2.jpg,elephant seal
552,Elephant_Seal/Northern_Elephant_Seal_2C_San_Simeon.jpg,elephant seal
553,Elk/Elk__25282_2529.jpg,elk
554,Elk/Elk_Wallpapers__25281_2529.jpg,elk
555,Elk/Elk_Wallpapers__25283_2529.jpg,elk
556,Elk/Elk_Wallpapers__25284_2529.jpg,elk
557,Elk/Elk_Wallpapers__25285_2529.jpg,elk
558,Elk/Elk_Wallpapers__25288_2529.jpg,elk
559,Elk/Gary_Mullard_SC_elk_020.jpg,elk
560,Elk/Gary_Mullard_SC_elk_023.jpg,elk
561,Elk/Rocky_Mountain_Elk_01.jpg,elk
562,Elk/ynp__bull_elk_meadow.jpg,elk
563,Emperor_Penguin/Cute_Emperor_Penguin.jpg,emperor penguin
564,Emperor_Penguin/Emperor_Penguin_2.jpg,emperor penguin
565,Emperor_Penguin/Emperor_Penguin_Cool_Animal.jpg,emperor penguin
566,Emperor_Penguin/Emperor_Penguin_Looking_Awesome.jpg,emperor penguin
567,Emperor_Penguin/Emperor_Penguin1.jpg,emperor penguin
568,Emperor_Penguin/Emperor_Penguin4.jpg,emperor penguin
569,Emperor_Penguin/emperor_penguins__282_29.jpg,emperor penguin
570,Emperor_Penguin/penguin_solo.JPG,emperor penguin
571,Erect-Crested_Penguin/12001160024._20Erect-crested_20Pengu.jpg,erect-crested penguin
572,Erect-Crested_Penguin/1200116Erect_20Crested_20Penguins_20.jpg,erect-crested penguin
573,Erect-Crested_Penguin/1200116IMG_4407a_20new1a.JPG,erect-crested penguin
574,Erect-Crested_Penguin/1200116NZ_20BIrds_20Oline_20-_20Morr.jpg,erect-crested penguin
575,Erect-Crested_Penguin/1200116NZ_20Birds_20Online_20-_20not.jpg,erect-crested penguin
576,Erect-Crested_Penguin/Crested_Penguin3.jpg,erect-crested penguin
577,Erect-Crested_Penguin/Erect-crested_20(1).jpg,erect-crested penguin
578,Eurasian_Wolf/Eurasian_Wolf.jpg,eurasian wolf
579,Eurasian_Wolf/Eurasian_Wolf1.jpg,eurasian wolf
580,Eurasian_Wolf/Eurasian_Wolf2.jpg,eurasian wolf
581,Eurasian_Wolf/Eurasian_Wolf6.jpg,eurasian wolf
582,European_Hare/220px-Lepus_europaeus__28Causse_M_C3.jpg,european hare
583,European_Hare/age_20fotostock_20SSJ-84430.jpg,european hare
584,European_Hare/European_Hare.jpg,european hare
585,European_Hare/Lepus_europaeus__28Causse_M_C3_A9jea.jpg,european hare
586,European_Hare/Lepus_europaeus_in_K_C3_B6yli_C3_B6.JPG,european hare
587,European_Otter/050612_european_otter_7155a.JPG,european otter
588,European_Otter/European_Otter__28Lutra_lutra_29__28.jpg,european otter
589,Field_Vole/1200px-Microtus_agrestis_02_by-dpc__.jpg,field vole
590,Field_Vole/FIELD_VOLE_2012__231.jpg,field vole
591,Fiji_Blue_Devil_Damsel_Fish/C._20taupou_20(BG).jpg,fiji blue devil damsel fish
592,Fiji_Blue_Devil_Damsel_Fish/Chrysiptera_taupou_Fiji_Blue_Devil_D.jpg,fiji blue devil damsel fish
593,Fiordland_Crested_Penguin/1200114IMG_5420_20-_20Copy_20red_20b.jpg,fiordland crested penguin
594,Fiordland_Crested_Penguin/1200114Omaui_20Beach_2C_20Southland_.jpg,fiordland crested penguin
595,Fiordland_Crested_Penguin/Eudyptes_20pachyrhynchus_20Fiordland.jpg,fiordland crested penguin
596,Fiordland_Crested_Penguin/Eudyptes_pachyrhynchus_fiordland_cre.jpg,fiordland crested penguin
597,Fiordland_Crested_Penguin/Fiorland_20Crested_20Penguin_203_20M-1.jpg,fiordland crested penguin
598,Fiordland_Crested_Penguin/Fiorland_20Crested_20Penguin_203_20M.jpg,fiordland crested penguin
599,Fiordland_Crested_Penguin/Fiorland_20Crested_20Penguin_20Moera.jpg,fiordland crested penguin
600,Fiordland_Crested_Penguin/New_2BZealand_2BPenguins-1.jpg,fiordland crested penguin
601,Fiordland_Crested_Penguin/young_fiordland_crested_penguin_stro.jpg,fiordland crested penguin
602,Fungus_Beetle/Minute_20Tree-fungus_20Beetle.jpg,fungus beetle
603,Fungus_Beetle/Pleasing_2BFungus_2BBeetle.jpg,fungus beetle
604,Funnel_Web_Spider/Picture_20197.jpg,funnel web spider
605,Galapagos_Dark_Billed_Cuckoo/1024px--Black-billed_cuckoo__28Coccy.jpg,galapagos dark billed cuckoo
606,Galapagos_Dark_Billed_Cuckoo/1200px-Black-billed_Cuckoo__28138839.jpg,galapagos dark billed cuckoo
607,Galapagos_Dark_Billed_Cuckoo/Black_Billed_Cuckoo_Final.jpg,galapagos dark billed cuckoo
608,Galapagos_Dark_Billed_Cuckoo/Black-billedCuckoo2_25C2_25A9Lillian.jpg,galapagos dark billed cuckoo
609,Galapagos_Dark_Billed_Cuckoo/Cuclillo_20Canela_202_20(1_20of_201).jpg,galapagos dark billed cuckoo
610,Galapagos_Dark_Billed_Cuckoo/FE9uN1RwSmCODGa7dV78_Dark-billed_20C.JPG,galapagos dark billed cuckoo
611,Galapagos_Dove/1200px-Galapagos_dove__28Zenaida_gal.jpg,galapagos dove
612,Galapagos_Dove/1Galapagos_2BDove.jpg,galapagos dove
613,Galapagos_Dove/Galapagos_20Dove_200001.jpg,galapagos dove
614,Galapagos_Dove/Galapagos_20Dove_200016.jpg,galapagos dove
615,Galapagos_Dove/Galapagos_20Dove_200017.jpg,galapagos dove
616,Galapagos_Dove/Galapagos_20Dove_200019.jpg,galapagos dove
617,Galapagos_Dove/Galapagos_20Dove_200022.jpg,galapagos dove
618,Galapagos_Dove/Galapagos_20Dove_200031.jpg,galapagos dove
619,Galapagos_Dove/Galapagos_Dove__2819_29.JPG,galapagos dove
620,Galapagos_Dove/Galapagos_Dove_Profile_Santa_Fe_1000.jpg,galapagos dove
621,Galapagos_Dove/Galapagos_dove__28Zenaida_galapagoen-1.jpg,galapagos dove
622,Galapagos_Dove/Galapagos_dove__28Zenaida_galapagoen.jpg,galapagos dove
623,Galapagos_Flamingo/Galapagos_4-1-04_Floreana_Punta_Corm.jpg,galapagos flamingo
624,Galapagos_Flamingo/Three_Cruises_Galapagos_Flamingo1.jpg,galapagos flamingo
625,Galapagos_Flycatcher/1200px-Gal_C3_A1pagos_flycatcher__28.jpg,galapagos flycatcher
626,Galapagos_Flycatcher/220px-Gal_C3_A1pagos_flycatcher__28M.jpg,galapagos flycatcher
627,Galapagos_Flycatcher/eos-1d_20mark_20iv_5404_20copy_std.jpg,galapagos flycatcher
628,Galapagos_Flycatcher/Galapagos_20Flycatcher_200015.jpg,galapagos flycatcher
629,Galapagos_Flycatcher/Galapagos_20Flycatcher_200017.jpg,galapagos flycatcher
630,Galapagos_Flycatcher/Galapagos_20Flycatcher_200021.jpg,galapagos flycatcher
631,Galapagos_Flycatcher/Galapagos_(3).JPG,galapagos flycatcher
632,Galapagos_Flycatcher/Galapagos_(7).JPG,galapagos flycatcher
633,Galapagos_Flycatcher/Galapagos_Flycatcher_Rabida_1000px.jpg,galapagos flycatcher
634,Galapagos_Flycatcher/Galapagos_Flycatcher.jpg,galapagos flycatcher
635,Galapagos_Flycatcher/IMG_5725_Galapagos_Yellow_Flycatcher.jpg,galapagos flycatcher
636,Galapagos_Fur_Seal/1200px-Galapagos_Fur_Seal_2C_Santiag.jpg,galapagos fur seal
637,Galapagos_Fur_Seal/Galapagos_206-1-15_20Santiago_20Puer.JPG,galapagos fur seal
638,Galapagos_Hawk/Gal_C3_A1pagos_Hawk_2C__28Buteo_gala.jpg,galapagos hawk
639,Galapagos_Hawk/Galapagos_20Hawk_200004.jpg,galapagos hawk
640,Galapagos_Hawk/Galapagos_20Hawk_200011.jpg,galapagos hawk
641,Galapagos_Hawk/Galapagos_hawk_2.JPG,galapagos hawk
642,Galapagos_Hawk/Galapagos_Hawk_juv.JPG,galapagos hawk
643,Galapagos_Hawk/Galapagos_Hawk_Profile_Espanola_1000.jpg,galapagos hawk
644,Galapagos_Hawk/Galapagos_hawk__28juv_29.jpg,galapagos hawk
645,Galapagos_Land_Iguana/1200px-Gal_C3_A1pagos_land_iguana__2.jpg,galapagos land iguana
646,Galapagos_Land_Iguana/Funny_Galapagos_Land_Iguana_1.jpg,galapagos land iguana
647,Galapagos_Land_Iguana/Gal_C3_A1pagos_land_iguana_(42017927.jpg,galapagos land iguana
648,Galapagos_Land_Iguana/Gal_C3_A1pagos_land_iguana_(42017941.jpg,galapagos land iguana
649,Galapagos_Land_Iguana/Galapagos_20Land_20Iguana_20eating_2.jpg,galapagos land iguana
650,Galapagos_Land_Iguana/Galapagos_land_iguana__2528Conolophu.jpg,galapagos land iguana
651,Galapagos_Land_Iguana/galapagos_land_iguana-2.jpg,galapagos land iguana
652,Galapagos_Land_Iguana/Land_Iguana.jpg,galapagos land iguana
653,Galapagos_Lava_Gull/Lava_20Gull_20Galapagos_20WEB_20IMG_.jpg,galapagos lava gull
654,Galapagos_Lava_Gull/Lava_2BGull.JPG,galapagos lava gull
655,Galapagos_Lava_Gull/San_2BCristobal_2B-_2Blava_2Bgull.JPG,galapagos lava gull
656,Galapagos_Lava_Gull/_MG_4351_20Lava_20Gull_20Close_20Up.jpg,galapagos lava gull
657,Galapagos_Lava_Heron/Lava_Heron__28Butorides_sundevalli_2.jpg,galapagos lava heron
658,Galapagos_Marine_Iguana/1200px-Iguana_marina__28Amblyrhynchu.jpg,galapagos marine iguana
659,Galapagos_Marine_Iguana/Gal_C3_A1pagos_marine_iguana.jpg,galapagos marine iguana
660,Galapagos_Marine_Iguana/original_Galapagos_20marine_20iguana.jpg,galapagos marine iguana
661,Galapagos_Masked_Booby/Galapagos_203-1-10_20Espanola_20Punt.JPG,galapagos masked booby
662,Galapagos_Masked_Booby/masked_boobie.jpg,galapagos masked booby
663,Galapagos_Mockingbird/2015_20mei_20galapagos_20dsc_9184.jpg,galapagos mockingbird
664,Galapagos_Mockingbird/Galapagos_20Mockingbird_200019.jpg,galapagos mockingbird
665,"Galapagos_Mockingbird/mockingbird,_20galapagos_2010-28_20d.jpg",galapagos mockingbird
666,Galapagos_Ray/original_Eagle_20Ray-Galapagos-lowju.jpg,galapagos ray
667,Galapagos_Ray/Spotted_20Eagle_20Ray_20Galapagos_20.jpg,galapagos ray
668,Galapagos_Red_Footed_Booby/11_01_red_footed_booby.jpg,galapagos red footed booby
669,Galapagos_Red_Footed_Booby/Galapagos_207-2-05_20Genovesa_20Darw-1.JPG,galapagos red footed booby
670,Galapagos_Red_Footed_Booby/Galapagos_207-2-05_20Genovesa_20Darw.JPG,galapagos red footed booby
671,Galapagos_Red_Footed_Booby/Male_Gal_C3_A1pagos_red-footed_booby.jpg,galapagos red footed booby
672,Galapagos_Red_Footed_Booby/Red_Footed_Booby_at_Darwin_Bay_Tower.jpg,galapagos red footed booby
673,Galapagos_Red_Footed_Booby/Red-footed_20Booby_20MR.jpg,galapagos red footed booby
674,Galapagos_Sea_Lion/1200px-Gal_C3_A1pagos_sea_lions_Isab.jpg,galapagos sea lion
675,Galapagos_Sea_Lion/Gal_C3_A1pagos_sea_lion__28420256450.jpg,galapagos sea lion
676,Galapagos_Sea_Lion/Gal_C3_A1pagos_Sea_Lion__28488519165.jpg,galapagos sea lion
677,Galapagos_Sea_Lion/Galapagos_sea_lion2.jpg,galapagos sea lion
678,Galapagos_Sea_Lion/Galapagos_sea_lion3.jpg,galapagos sea lion
679,Galapagos_Sea_Lion/Galapagos_sea_lion4.jpg,galapagos sea lion
680,Galapagos_Sea_Lion/IMG_9833_20sea_20lion_20resize.jpg,galapagos sea lion
681,Galapagos_Short_Eared_Owl/Asio_flammeus_-Genovesa_Island_2C_Ga.jpg,galapagos short eared owl
682,Galapagos_Waved_Albatross/Albatross_Harry.jpg,galapagos waved albatross
683,Galapagos_Waved_Albatross/Galapagos_203-1-15_20Espanola_20Punt.jpg,galapagos waved albatross
684,Galapagos_Waved_Albatross/Waved_Albatross_Standing_in_Flight_a.jpg,galapagos waved albatross
685,Galapagos_Waved_Albatross/Waved_Albatross_Standing_on_Rock_at_.jpg,galapagos waved albatross
686,Galapagos_Waved_Albatross/waved_albatross.jpg,galapagos waved albatross
687,Galapagos_Waved_Albatross/Waved_Albatross__28Phoebastria_irror.jpg,galapagos waved albatross
688,Galapagos_Waved_Albatross/Wildlife-Waved-Albatross-_C2_A9David.jpg,galapagos waved albatross
689,Galapagos_Whimbrel/Espanola_Whimbrel_bird_from_wiki.jpg,galapagos whimbrel
690,Galapagos_Whimbrel/Galapagos_Disc_1_(1113)_edited-1.JPG,galapagos whimbrel
691,Galapagos_Whimbrel/hudsonian_20whimbrel_20numenius_20h..jpg,galapagos whimbrel
692,Gentoo_Penguin/1200px-Gentoo_Penguin_at_Cooper_Bay_.jpg,gentoo penguin
693,Gentoo_Penguin/5_2028_20Gentoo_20Penguin_20l.jpg,gentoo penguin
694,Gentoo_Penguin/Antarctic_2C_gentoo_penguin__28js_29.jpg,gentoo penguin
695,Gentoo_Penguin/Gentoo_Penguin-1.jpg,gentoo penguin
696,Gentoo_Penguin/Gentoo_Penguin-2.jpg,gentoo penguin
697,Gentoo_Penguin/Gentoo_Penguin2-1.jpg,gentoo penguin
698,Gentoo_Penguin/Gentoo_Penguin3.jpg,gentoo penguin
699,Gentoo_Penguin/Gentoo_Penguin4.jpg,gentoo penguin
700,Gentoo_Penguin/Gentoo_Penguin6.jpg,gentoo penguin
701,Giant_Anteater/59-Giant_20Anteater_20102.jpg,giant anteater
702,Giant_Anteater/Brasil_230807_anteater_Cnstr2255_RJ.JPG,giant anteater
703,Giant_Anteater/BZ_20Giant_20Anteater.jpg,giant anteater
704,Giant_Tortoise/Galapagos_tortoise8.jpg,giant tortoise
705,Giant_Tortoise/Giant_2BTortoise.jpg,giant tortoise
706,Giraffe/Amazing_pictures_animals_photos_Natu.jpg,giraffe
707,Giraffe/beautiful_african_safari_amazing_fun.jpg,giraffe
708,Giraffe/giraffe_19.jpg,giraffe
709,Giraffe/Giraffe_wallpapers_4.jpg,giraffe
710,Giraffe/giraffe_wallpaper__252855_2529.jpg,giraffe
711,Giraffe/the_dallest_giraffe_in_the_world__an.jpg,giraffe
712,Goat/1200px-Appenzell_Goat__28552849728_2.jpg,goat
713,Goat/goat__252812_2529.jpg,goat
714,Golden_Eagle/Eagles_Birds_Wallpapers_12.jpg,golden eagle
715,Golden_Eagle/Golden_2520Eagle_2520s68-1-062_l.jpg,golden eagle
716,Golden_Eagle/Golden_2Beagle_252C_2BTony_2BHisgett.jpg,golden eagle
717,Golden_Eagle/Golden_eagle_bird_3.jpg,golden eagle
718,Golden_Eagle/Golden_Eagle-1.jpg,golden eagle
719,Golden_Eagle/Golden_Eagle.jpg,golden eagle
720,Golden_Eagle/golden_eagle.png,golden eagle
721,Golden_Eagle/golden_eagle8.jpg,golden eagle
722,Golden_Eagle/golden-eagle-_02.jpg,golden eagle
723,Grasshopper/1-Babcock_Webb_Wildlife_Management_A.JPG,grasshopper
724,Grasshopper/Common_Green_Grasshopper__2528nymph_.jpg,grasshopper
725,Grasshopper/Common_Green_Grasshopper_(female)_(O.jpg,grasshopper
726,Grasshopper/Common_Green_Grasshopper_(male)_(Omo.jpg,grasshopper
727,Grasshopper/Common_Green_Grasshopper_(nymph)_(Om.jpg,grasshopper
728,Grasshopper/Meadow_Grasshopper_Chorthippus_paral.jpg,grasshopper
729,Grasshopper/red-legged_2Bgrasshopper3.jpg,grasshopper
730,Gray_Jungle_Fowl/indian_grey_jungle_fowl.JPG,gray jungle fowl
731,Gray_Jungle_Fowl/Jungle_2Bfowl.jpg,gray jungle fowl
732,Gray_Seal/02_12_young_grey_seal_on_Hornsea_bea.JPG,gray seal
733,Gray_Seal/Grey_20Seal.jpg,gray seal
734,Gray_Seal/Grey_Seal_3.jpg,gray seal
735,Gray_Seal/Grey_seal_Balranald_11.11.06.JPG,gray seal
736,Gray_Wolf/Gray_Wolf.jpg,gray wolf
737,Gray_Wolf/Grey_20Wolf_203.jpg,gray wolf
738,Greater_Flamingo/00005_Greater_2BFlamingo.jpg,greater flamingo
739,Greater_Flamingo/096-Greater-Flamingo-23786_20(2).jpg,greater flamingo
740,Greater_Flamingo/Flamingo_20Camargue_202_20Mar_2009_9.jpg,greater flamingo
741,"Greater_Flamingo/Greater_20Flamingo,_20Camargue,_2025.jpg",greater flamingo
742,Greater_Flamingo/greater_flamingo_-_slimbridge_wetlan.jpg,greater flamingo
743,Greater_Flamingo/Greater_Flamingo-1.jpg,greater flamingo
744,Greater_Flamingo/Greater_Flamingo.jpg,greater flamingo
745,Greater_Flamingo/Greater_Flamingo_2C_Phoenicopterus_r.jpg,greater flamingo
746,Greater_Horseshoe_Bat/Bat_2820070605_29.jpg,greater horseshoe bat
747,Greater_Horseshoe_Bat/ghb4_20(1).jpg,greater horseshoe bat
748,Greater_Horseshoe_Bat/Greater_20Horseshoe_20OBM.jpg,greater horseshoe bat
749,Greater_Horseshoe_Bat/Horseshoe_Bat-3.jpg,greater horseshoe bat
750,Greater_Horseshoe_Bat/lesser_horseshoe_bat_1.jpg,greater horseshoe bat
751,Greater_Mouse-Eared_Bat/Ears_20tuned_20to_20water-1.jpg,greater mouse-eared bat
752,Great_Bittern/NSS_1480_small_20(Large).jpg,great bittern
753,Great_Blue_Heron/blue_20heron_20full.jpg,great blue heron
754,Great_Blue_Heron/Galapagos_205-1-14_20Puerto_20Ayora_.jpg,great blue heron
755,Great_Crested_Newt/Great_Crested_Newts_040a.jpg,great crested newt
756,Great_Crested_Newt/male_gcn_swimming_252C_Dave_Kilbey.jpg,great crested newt
757,Great_Crested_Newt/Newt_wallpapers_4.jpg,great crested newt
758,Great_Frigatebird/12002650181._20Female_20Great_20Frig.jpg,great frigatebird
759,Great_Frigatebird/Galapagos_202-1-15_20North_20Seymour.JPG,great frigatebird
760,Great_Frigatebird/Galapagos_207-2-07_20Genovesa_20Darw.JPG,great frigatebird
761,Great_Frigatebird/Galapagos_207-2-08_20Genovesa_20Darw.jpg,great frigatebird
762,Great_Frigatebird/Great_20Frigatebird_20-_20Male_20on_.jpg,great frigatebird
763,Great_Green_Macaw/Great_Green_Macaw_1.jpg,great green macaw
764,Great_Green_Macaw/P1000776_(800x450).jpg,great green macaw
765,Great_White_African_Pelican/049_20Great_20White_20Pelican_20TIFF.jpg,great white african pelican
766,Great_White_African_Pelican/african_20great_20white_20pelican_st.jpg,great white african pelican
767,Great_White_African_Pelican/Great_White_pelican_-029-2.jpg,great white african pelican
768,Great_White_African_Pelican/Great_White_Pelican.jpg,great white african pelican
769,Great_White_African_Pelican/greatwhitepelican4_25C2_25A9LillianS.jpg,great white african pelican
770,Great_White_African_Pelican/Pelecanus_20onocrotalus.jpg,great white african pelican
771,Green_Crab/Green_20crabs.JPG,green crab
772,Green_Crab/Green_Crab.jpg,green crab
773,Green_Scarab_Beetle/Green_Scarab_Beetle__003__Diphucepha.jpg,green scarab beetle
774,Green_Scarab_Beetle/scarab_20beetle.jpg,green scarab beetle
775,Green_Scarab_Beetle/Scarab_Beetle_3.jpg,green scarab beetle
776,Green_Sea_Turle/Galapagos-Coolpix_(73)_edited-1.JPG,green sea turle
777,Green_Sea_Turle/Green_20Sea_20Turtle_20Galapagos_20I.jpg,green sea turle
778,Green_Sea_Turle/Green_20Sea_20Turtle_webimage5.jpg,green sea turle
779,Grevy's_Zebra/1a_zebra_252C_grevy_2527s_-_bsp_-_ed.jpg,grevy's zebra
780,Grevy's_Zebra/Beautiful_Gr_C3_A9vy's_Zebra.jpg,grevy's zebra
781,Grevy's_Zebra/Gr_C3_A9vy's_Zebra_Beautiful_Animal.jpg,grevy's zebra
782,Grevy's_Zebra/Gr_C3_A9vy's_Zebra_Beauty.jpg,grevy's zebra
783,Grevy's_Zebra/Gr_C3_A9vy's_Zebra_Eating_Grass.jpg,grevy's zebra
784,Grevy's_Zebra/Gr_C3_A9vy's_Zebra_Photo.jpg,grevy's zebra
785,Grevy's_Zebra/Gr_C3_A9vy's_Zebra_With_Baby.jpg,grevy's zebra
786,Grevy's_Zebra/grevy_2527s_zebra_5.jpg,grevy's zebra
787,Grevy's_Zebra/Grevy_27s_Zebra_05489.jpg,grevy's zebra
788,Grevy's_Zebra/Grevy_27s_Zebra_1.jpg,grevy's zebra
789,Grevy's_Zebra/Grevy_27s_Zebra_grazing.jpg,grevy's zebra
790,Grevy's_Zebra/Grevy_27s_Zebra_Stallion.jpg,grevy's zebra
791,Grevy's_Zebra/Grevy's_2BZebra.jpg,grevy's zebra
792,Grevy's_Zebra/Grevys_zebra.jpg,grevy's zebra
793,Grevy's_Zebra/true-wildlife-grevy_zebra-2.jpg,grevy's zebra
794,Grizzly_Bear/20060412-7108_20Grizzly_20bear.jpg,grizzly bear
795,Grizzly_Bear/Brown_Bear_wallpapers_2.jpg,grizzly bear
796,Grizzly_Bear/Grizzly_bear_2.jpg,grizzly bear
797,Grizzly_Bear/Grizzly_Bear_Wildlife.jpg,grizzly bear
798,Grizzly_Bear/Grizzly_Bear-2013-0pic-05.jpg,grizzly bear
799,Grizzly_Bear/Grizzly_Bear.jpg,grizzly bear
800,Grizzly_Bear/Grizzly_Bear_Info_Images_03.jpg,grizzly bear
801,Ground_Beetle/Ground_beetle.jpg,ground beetle
802,Ground_Beetle/Scaraphites_silenus__006__Ground_Bee.jpg,ground beetle
803,Ground_Centipede/brown_2Bcentipede.JPG,ground centipede
804,Hamerkop/1200px-Hamerkop__28Scopus_umbretta_u.jpg,hamerkop
805,Hamerkop/Hamerkop_20-_20ZK6.jpg,hamerkop
806,Harbour_Porpoise/Harbor_Porpoise_2.jpg,harbour porpoise
807,Harbour_Porpoise/Harbor_Porpoise_3.jpg,harbour porpoise
808,Harp_Seal/Animals_Cool_Creatures_The_Water_27s.jpg,harp seal
809,Harp_Seal/Baby_harp_seal.jpg,harp seal
810,Harp_Seal/Baby_Harp_Seal.jpg,harp seal
811,Harp_Seal/Cute_Harp_Seal.jpg,harp seal
812,Harp_Seal/Harp_2BSeal_2BPup.jpg,harp seal
813,Harp_Seal/Harp_Seal_Photo.jpg,harp seal
814,Harp_Seal/Harp_seal6.jpeg,harp seal
815,Harp_Seal/Harp_seals1.jpg,harp seal
816,Harp_Seal/Harp_seals2.jpg,harp seal
817,Harp_Seal/Harp_seals3.jpg,harp seal
818,Hazel_Dormouse/Dormouse_202.jpg,hazel dormouse
819,Hazel_Dormouse/hazel_20dormouse_20Ivo_20Ivov.jpg,hazel dormouse
820,Hectors_Dolphin/1200px-Hector_27s_Dolphins_at_Porpoi.jpg,hectors dolphin
821,Hectors_Dolphin/Hector_2527s_Dolphin.jpg,hectors dolphin
822,Hectors_Dolphin/Hectors_2Bdolphin_2Bjumping_2B-_2Bcr.jpg,hectors dolphin
823,Hedgehog/Funny_baby_hedgehog_wallpaper_for_de-1.jpg,hedgehog
824,Hedgehog/Pygmy_20Hedgehog.JPG,hedgehog
825,Hermit_Crab/1200px-Bernardl_27hermitedenis.JPG,hermit crab
826,Hermit_Crab/Bering_Hermitcrab2.jpg,hermit crab
827,Hermit_Crab/Hermit_-Crab-01.jpg,hermit crab
828,Hermit_Crab/hermit_crab-1.JPG,hermit crab
829,Hermit_Crab/hermit_crab.jpg,hermit crab
830,Hermit_Crab/Hermit_Crab3.jpg,hermit crab
831,Hermit_Crab/Hermit_Crab6.jpg,hermit crab
832,Hippopotamus/beautiful_dangerous_animals_of_Afric.jpg,hippopotamus
833,Hippopotamus/Hippopotamus_2BWallpapers_2B(1).jpg,hippopotamus
834,Hippopotamus/Hippopotamus_3.jpg,hippopotamus
835,Hippopotamus/Hippopotamus_6.jpg,hippopotamus
836,Hippopotamus/Hippopotamus_wallpapers_1.jpg,hippopotamus
837,Hippopotamus/Hippopotamus_Water_Hunting.jpg,hippopotamus
838,Hippopotamus/The_hippopotamus-03.jpg,hippopotamus
839,Hippopotamus/The_hippopotamus-04.jpg,hippopotamus
840,Hippopotamus/zoo_animals_animals_of_America_anima.jpg,hippopotamus
841,Hobo_Spider/2010_20Aug_2009_0014_20copy.jpg,hobo spider
842,Hobo_Spider/Hobo_Spider_01.jpg,hobo spider
843,Hobo_Spider/Hobo_Spider_05-1.jpg,hobo spider
844,Hobo_Spider/Hobo_Spider_05.jpg,hobo spider
845,Hobo_Spider/Male_and_Female_Hobo_Spiders.jpg,hobo spider
846,Honey_Bee/14drone_jpg_5B1_5D.jpg,honey bee
847,Hoopoe/6_2B755px-Upupa_epops__2528Ramat_Gan.jpg,hoopoe
848,Hoopoe/Common_Hoopoe__28Upupa_epops_29_Phot.jpg,hoopoe
849,Hoopoe/The_Hoopoe_wallpapers_hd__25286_2529.jpg,hoopoe
850,Hoopoe/The_Hoopoe_wallpapers_hd__25287_2529.jpeg,hoopoe
851,Hornet/1200px-Asian_hornet__28Vespa_velutin.jpg,hornet
852,Hornet/frelon_asiatique_1.jpg,hornet
853,Hornet/Hornet_20(Vespa_20crabro)_20Harecrof.JPG,hornet
854,Horse/arabian_horse_wallpaper.jpg,horse
855,Horse/Bavarian_Chesnut_Horse.jpg,horse
856,Horse/Beautiful_Cute_White_Coloured_Horse_.jpg,horse
857,Horse/Best_Wild_Horse_Running_Wallpaper.jpg,horse
858,Horse/Wild_Horses.jpg,horse
859,Horseshoe_Crab/1200px-Limulus_polyphemus__28aq._29.jpg,horseshoe crab
860,Horseshoe_Crab/Horseshoe_20crab.jpg,horseshoe crab
861,Horseshoe_Crab/horseshoe_crab_2.jpg,horseshoe crab
862,Horseshoe_Crab/horseshoe_crab_whole_underwater_6-18.JPG,horseshoe crab
863,Horseshoe_Crab/Horseshoe_Crab3.jpg,horseshoe crab
864,Horseshoe_Crab/Horseshoe_Crab4.jpg,horseshoe crab
865,Horseshoe_Crab/Mangrove_horseshoe_crab4.jpg,horseshoe crab
866,"House_Centipede/1_House_Centipede,_Fayette_Co.,_West.JPG",house centipede
867,Howler_Monkey/Howler_monkey_3.jpg,howler monkey
868,Howler_Monkey/Howler_monkey_4.jpg,howler monkey
869,Howler_Monkey/Howler_monkey.jpg,howler monkey
870,Howler_Monkey/Male_howler_monkey_2.jpg,howler monkey
871,Humboldt_Penguin/Humboldt_penguin1.jpg,humboldt penguin
872,Humboldt_Penguin/Humboldt_Penguin__28Spheniscus_humbo.jpg,humboldt penguin
873,Humboldt_Penguin/Spheniscus_20humboldti2.jpg,humboldt penguin
874,Humboldt_Penguin/src18Humboldt_20Penguin.jpg,humboldt penguin
875,Huntsman_Spider/2016_2F10_2F24_2Fea_2F3437365043_478.jpg,huntsman spider
876,Huntsman_Spider/9.5__Huntsman_spider.jpg,huntsman spider
877,Huntsman_Spider/Huntman_20MG13462_big.jpg,huntsman spider
878,Huntsman_Spider/MINA_202629640.jpg,huntsman spider
879,Huntsman_Spider/openphotonet_huntsman_20spider3.JPG,huntsman spider
880,Impala/Impala_Africa.jpg,impala
881,Indian_Cuckoo/Indian_2Bcuckoo_252C_2BCuculus_2Bmic.jpg,indian cuckoo
882,Indian_Cuckoo/Indian_2BCuckoo-Jirkatang-28_2BDecem.jpg,indian cuckoo
883,Indian_Skimmer_Bird/0842_Indian_Skimmer_(Rynchops_albico.jpg,indian skimmer bird
884,Indian_Skimmer_Bird/17-28_2Bfeb11_2B066_fine-796989.jpg,indian skimmer bird
885,Indian_Skimmer_Bird/Indian_2BSkimmer_2B1.jpg,indian skimmer bird
886,Indian_Skimmer_Bird/Indian_Skimmer_portrait_Chambal.JPG,indian skimmer bird
887,Indian_Skimmer_Bird/Indian_Skimmer__288582799716_29.jpg,indian skimmer bird
888,Italian_Wolf/Italian_Wolf.jpg,italian wolf
889,Italian_Wolf/Lupo_a_Medelana_2C_Bologna.jpg,italian wolf
890,Italian_Wolf/wolf_2Bitalian_2BGilles_2BPretet_2Bw.jpeg,italian wolf
891,Jackal/1200px-Alone_Ranger__28cropped_29.jpg,jackal
892,Jackal/1200px-Side-striped_Jackal__28Canis_.jpg,jackal
893,Jackal/3c1_2Bjackal_2B-_2Bngo_2B-_2Bmce.jpg,jackal
894,Jackal/jackal_wallpapers_(1).jpg,jackal
895,Jackal/Jackal-facts-and-images_03.jpg,jackal
896,Jackal/Jackal-Wallpapers-HD-2012_02.jpg,jackal
897,Jackal/Jackal-Wallpapers-HD-2012_04.jpg,jackal
898,Jackal/methode_2Ftimes_2Fprod_2Fweb_2Fbin_2.jpg,jackal
899,Jaguar/1200px-Jaguar__28Panthera_onca_palus.JPG,jaguar
900,Japanese_Spider_Crab/1080px--Giant_Japanese_Spider_Crab_2.jpg,japanese spider crab
901,Japanese_Spider_Crab/Amazing_pictures_animals__Photos_Zoo.jpg,japanese spider crab
902,Japanese_Spider_Crab/giant_japanese_spider_crab_in_aquari.jpg,japanese spider crab
903,Japanese_Spider_Crab/giant_japanese_spider_crab.jpg,japanese spider crab
904,Japanese_Spider_Crab/Japanese_Spider_crab2.jpg,japanese spider crab
905,Japanese_Spider_Crab/Japanese_Spider_crab4.jpg,japanese spider crab
906,Japanese_Spider_Crab/japanese_spider_crabs.jpg,japanese spider crab
907,Jellyfish/1173_Sunrise_over_the_Atlantic_shows.jpg,jellyfish
908,Jellyfish/deep_sea_creatures_dangerous_fis_Fun.jpg,jellyfish
909,Jellyfish/jelly_fish_jellyfish_animal_picture.jpeg,jellyfish
910,Jellyfish/jellyfish_006.jpg,jellyfish
911,Jellyfish/jellyfish_Phyllorhiza_punctata_Jelly.jpg,jellyfish
912,Jellyfish/Jellyfish_Wallpapers_11.jpg,jellyfish
913,Jellyfish/Jellyfish_Wallpapers_2.jpg,jellyfish
914,Katipo_Spider/katipo_spider_new_zealand.jpg,katipo spider
915,Kea_Parrot/kea_2.jpg,kea parrot
916,Kea_Parrot/Kea_Parrot.jpg,kea parrot
917,"Kestrel/American_20Kestrel,_20flying_20(Cast.jpg",kestrel
918,Kestrel/American_2520Kestrel_2520m17-61-141_.jpg,kestrel
919,Kestrel/Common_kestrel__28Falco_tinnunculus_.jpg,kestrel
920,Kestrel/_DSC0306_5B143_5Dr_(American_Kestrel.jpg,kestrel
921,Kestrel/_DSC0328_255B143_255Dr_2B_2528Americ.jpg,kestrel
922,King_Penguin/ir_2Bof_2BKing_2BPenguins_2Bprint_2B.jpg,king penguin
923,King_Penguin/King_Penguin5.jpg,king penguin
924,King_Penguin/King_Penguins_Wallpapers_(7).jpg,king penguin
925,Koala/Funny_2BKoala_2Bwallpaper2.jpg,koala
926,Koala/Funny_Koala_photos2.jpg,koala
927,Koala/Koala_2B2.jpg,koala
928,Koala/koala_3.jpg,koala
929,Koala/koala_images.jpg,koala
930,Koala/koala_picture.jpg,koala
931,Ladybug/0372_ladybirdHDNR1.jpg,ladybug
932,Ladybug/2_20Spot_20Ladybird_20_20(Adalia_20b.JPG,ladybug
933,Ladybug/22_20Spot_20Ladybird_20(Psyllobora_2.JPG,ladybug
934,Ladybug/Green_Nature_with_Ladybird_(8).jpg,ladybug
935,Ladybug/Harlequin_20Ladybird_20(Harmonia_20a-1.JPG,ladybug
936,Ladybug/Harlequin_20Ladybird_20(Harmonia_20a.JPG,ladybug
937,Ladybug/Ladybird_058.JPG,ladybug
938,Ladybug/Ladybird_060.JPG,ladybug
939,Ladybug/Orange_2Bladybird_2BHalysia_2B16-gua-1.jpg,ladybug
940,Ladybug/Orange_2Bladybird_2BHalysia_2B16-gua.jpg,ladybug
941,Ladybug/webIMG_0065_1200px.jpg,ladybug
942,Ladybug/webIMG_6269_1200px_a.jpg,ladybug
943,Laughing_Kookaburra/Kookaburra_Laughing_20_28James_20Rol.jpg,laughing kookaburra
944,Laughing_Kookaburra/Kookaburra_Laughing_20(Stuart_20Harr.jpg,laughing kookaburra
945,Laughing_Kookaburra/laughing_20kookaburra_2001.jpg,laughing kookaburra
946,Laughing_Kookaburra/Laughing_Kookaburra_2-1.jpg,laughing kookaburra
947,Laughing_Kookaburra/Laughing_Kookaburra_2-2.jpg,laughing kookaburra
948,Laughing_Kookaburra/Laughing_Kookaburra_2.jpg,laughing kookaburra
949,Laughing_Kookaburra/Laughing_Kookaburra_3.jpg,laughing kookaburra
950,Laughing_Kookaburra/Laughing_Kookaburra_4.jpg,laughing kookaburra
951,Laughing_Kookaburra/Laughing_Kookaburra_5.jpg,laughing kookaburra
952,Laughing_Kookaburra/Laughing_Kookaburra__28Dacelo_novaeg.jpg,laughing kookaburra
953,Lion/African_Lion_Male.jpg,lion
954,Lion/Lion_7.jpeg,lion
955,Lion/Lion_Roaring_Wallpapers_1.jpg,lion
956,Lion/Lion_Roaring_Wallpapers.jpg,lion
957,Lion/lion_wallpapers_(2).JPG,lion
958,Lion/Lion6_-_Copy.jpg,lion
959,Lion/Lions_Wallpapers_1.jpg,lion
960,Lion/Male_Lion_Wallpapers_13.jpg,lion
961,Lion/Male_Lion_Wallpapers_2.jpg,lion
962,Lion/Male_Lion_Wallpapers_7.jpg,lion
963,Little_Fairy_Penguin/Eudyptula_minor_-Melbourne_Zoo_2C_Au.jpg,little fairy penguin
964,Little_Fairy_Penguin/little_blue_penguin4.jpg,little fairy penguin
965,Little_Fairy_Penguin/Little_Penguin.jpg,little fairy penguin
966,Lizard/Hdhut.blogspot__252815_2529.jpg,lizard
967,Lizard/Jet_the_baby_bearded_dragon.jpg,lizard
968,Lizard/Sand_lizard3.jpg,lizard
969,Lynx/Animals_Wallpapers_(21).jpg,lynx
970,Lynx/Canada_Lynx__286187103428_29.jpg,lynx
971,Lynx/Canadian_20Lynx_20lying_20down_20_20.jpg,lynx
972,Macaque_Monkey/1200px-Long-tailed_macaque__28Macaca.jpg,macaque monkey
973,Macaque_Monkey/14_20Macaque_20monkey.jpg,macaque monkey
974,Macaque_Monkey/Lion_Tailed_Macaque_Monkey.jpg,macaque monkey
975,Macaque_Monkey/Long-tailed_macaque__28Macaca_fascic.jpg,macaque monkey
976,Macaroni_Penguin/macaroni_penguin.jpg,macaroni penguin
977,Macaroni_Penguin/Macaroni_penguin4.jpg,macaroni penguin
978,Magellanic_Penguin/640px-Magellanic_penguin_2C_Valdes_P.jpg,magellanic penguin
979,Magellanic_Penguin/Adult_Magellen_Penguins_-_width_of_s.jpg,magellanic penguin
980,Magellanic_Penguin/IMG_1316_Magellanic_Penguin_4x6_2013.jpg,magellanic penguin
981,Magellanic_Penguin/IMG_1367_Magellanic_Penguin_4x6_1103.jpg,magellanic penguin
982,Magellanic_Penguin/IMG_2765_Magellanic_Penguins_4x6_803.jpg,magellanic penguin
983,Magellanic_Penguin/IMG_2779_Magellanic_Penguins_4x6_180.jpg,magellanic penguin
984,Magellanic_Penguin/IMG_2781_Magellanic_Penguins_4x6_180.jpg,magellanic penguin
985,Magellanic_Penguin/IMG_2787_Magellanic_Penguins_4x6_180.jpg,magellanic penguin
986,Magellanic_Penguin/IMG_2800_Magellanic_Penguins_4x6_180.jpg,magellanic penguin
987,Magellanic_Penguin/IMG_2811_Magellanic_Penguins_4x6_180.jpg,magellanic penguin
988,Magellanic_Penguin/IMG_2812_Magellanic_Penguins_4x6_180.jpg,magellanic penguin
989,Magellanic_Penguin/IMG_2832_Magellanic_Penguins_4x6_180.jpg,magellanic penguin
990,Magellanic_Penguin/IMG_2863_Magellanic_Penguins_4x6_180.jpg,magellanic penguin
991,"Magellanic_Penguin/Magellanic_Penguin,_Spheniscus_magel.jpg",magellanic penguin
992,Magellanic_Penguin/Magellanic_penguin_2C_Valdes_Peninsu-1.jpg,magellanic penguin
993,Magellanic_Penguin/Magellanic_penguin_2C_Valdes_Peninsu.jpg,magellanic penguin
994,Magellanic_Penguin/Magellanic_Penguins_at_Otway_Sound_2.jpg,magellanic penguin
995,Magellanic_Penguin/Magellanic_Penguin_at_Otway_Sound_2C-1.jpg,magellanic penguin
996,Magellanic_Penguin/Magellanic_Penguin_at_Otway_Sound_2C.jpg,magellanic penguin
997,Magellanic_Penguin/Magellanic_Penguin_with_chicks__2855.jpg,magellanic penguin
998,Manatee/West_Indian_Manatee4.jpg,manatee
999,Manx_Shearwater/12002050282._20Manx_20Shearwater_2C_.jpg,manx shearwater
1000,Manx_Shearwater/12002056064891836_a7c2ded074_b_5B1_5.jpg,manx shearwater
1001,Manx_Shearwater/Bto_Manx_Shearwater.jpg,manx shearwater
1002,Manx_Shearwater/MANX_20SHEARWATER_2002_20(KM)_lge.JPG,manx shearwater
1003,Manx_Shearwater/Manx_2B2.jpg,manx shearwater
1004,Manx_Shearwater/Manx_2BShearwater_2B1a.jpg,manx shearwater
1005,Manx_Shearwater/Manx_Shearwater_1.jpg,manx shearwater
1006,Manx_Shearwater/Manx_Shearwater-em.jpg,manx shearwater
1007,Manx_Shearwater/manx_shearwater.jpg,manx shearwater
1008,Manx_Shearwater/tmp3769_thumb_thumb_5B1_5D.jpg,manx shearwater
1009,Masai_Giraffe/02_20018_20DSCN4480_20Masai_20Giraff.JPG,masai giraffe
1010,Masai_Giraffe/1a1_giraffe_252C_masai_-_nnp_-_rwc.jpg,masai giraffe
1011,Masai_Giraffe/2a_giraffe_252C_masai_-_mar_-_ss.jpg,masai giraffe
1012,Masai_Giraffe/2a1_giraffe_252C_masai_-_mar_-_rwc.jpg,masai giraffe
1013,Masai_Giraffe/2b_giraffe_252C_masai_-_mar_-_jkm.jpg,masai giraffe
1014,Masai_Giraffe/2c_giraffe_252C_masai_-_mar_-_jkc-1.jpg,masai giraffe
1015,Masai_Giraffe/2d_giraffe_252C_masai_-_mar_-_jkm.jpg,masai giraffe
1016,Masai_Giraffe/2d_giraffe_252C_masai_-_mar_-_rwc.jpg,masai giraffe
1017,Masai_Giraffe/3b1_giraffe_252C_masai_-_mce.jpg,masai giraffe
1018,Masai_Giraffe/5a_giraffe_252C_masai_-_sti_-_rwc.jpg,masai giraffe
1019,Masai_Giraffe/5b_giraffe_252C_masai_-_sti_-_rwc.jpg,masai giraffe
1020,Masai_Giraffe/6b_giraffe_252C_masai_-_sti_-_jkm.jpg,masai giraffe
1021,Mealy_Parrot/1200px-Mealy_Parrot_2C_Peru.jpg,mealy parrot
1022,Mealy_Parrot/726px-Mealy_Parrot_2C_Peru.jpg,mealy parrot
1023,Mexican_Wolf/Mex_20-.jpg,mexican wolf
1024,Mexican_Wolf/Mexican_20Wolf_20B.jpg,mexican wolf
1025,Mexican_Wolf/Mexican_Wolf3.jpg,mexican wolf
1026,Mexican_Wolf/Mexican_Wolf4.jpg,mexican wolf
1027,Mexican_Wolf/_MG_7510_2B_25281_2529.jpg,mexican wolf
1028,Military_Macaw_Parrot/Macaw_2012.jpg,military macaw parrot
1029,Milkweed_Beetle/Insects_256.JPG,milkweed beetle
1030,Milkweed_Beetle/milkweed_bug_b_20131003_LRW.JPG,milkweed beetle
1031,Milkweed_Beetle/milkweed_leaf_beetle_side_carapace_2.JPG,milkweed beetle
1032,Milkweed_Beetle/Red_Milkweed_Beetle__28Tetraopes_tet.JPG,milkweed beetle
1033,Milkweed_Beetle/Red_Milkweed_Beetle.jpg,milkweed beetle
1034,Milkweed_Beetle/swamp_milkweed_beetle_1rs-1.jpg,milkweed beetle
1035,Milkweed_Beetle/swamp_milkweed_beetle_1rs.jpg,milkweed beetle
1036,Milkweed_Beetle/swamp_milkweed_betle.jpg,milkweed beetle
1037,Millipede/Amazing_pictures_animals__Photos_Zoo.JPG,millipede
1038,Millipede/Brachoria_dentata_Tennessee_252C_Han.jpg,millipede
1039,Millipede/Common_millipede_2C_inside_a_fallen_.jpg,millipede
1040,Millipede/IMG_4781_20red_20millipede-1.jpg,millipede
1041,Millipede/Millipede_2B3_2522.jpg,millipede
1042,Millipede/Striped_20Millipede_20(Ommatoiulus_2.JPG,millipede
1043,Monkey/1200px-Green_monkey__28Chlorocebus_s.jpg,monkey
1044,Monkey/1200px-Panama_spider_monkey_2C_Costa.JPG,monkey
1045,Monkey/animals_monkeys_hd_wallpaper.jpg,monkey
1046,Monkey/cute_monkeys__252838_2529.jpg,monkey
1047,Monkey/cute_monkeys_(78).jpg,monkey
1048,Monkey/Funny_Monkey__(42).jpg,monkey
1049,Monkey/Funny_Spider_Monkey_1.jpg,monkey
1050,Monkey/indian_monkey_hd_wallpaper.jpg,monkey
1051,Monkey/Marmoset_Monkey_image.jpg,monkey
1052,Monkey/monkey_(4).jpg,monkey
1053,Monkey/monkey_animal.jpeg,monkey
1054,Monkey/monkey_face_hd_wallpaper.jpg,monkey
1055,Monkey/monkey_hd_wallpapers_11.jpg,monkey
1056,Monkey/monkey_hd_wallpapers_13.jpg,monkey
1057,Monkey/monkey_hd_wallpapers_15.jpg,monkey
1058,Monkey/monkey_hd_wallpapers_28.jpg,monkey
1059,Monkey/monkey_hd_wallpapers_30.jpg,monkey
1060,Monkey/monkey_hd_wallpapers_35.jpg,monkey
1061,Monkey/monkey_hd_wallpapers_38.jpg,monkey
1062,Monkey/monkey_species.jpg,monkey
1063,Moose/blog_2Bmoose.jpg,moose
1064,Moose/Moose_But_momma.jpg,moose
1065,Morpho_Butterfly/Blue_20Morpho.jpg,morpho butterfly
1066,Morpho_Butterfly/Morpho_cypris.jpg,morpho butterfly
1067,Morpho_Butterfly/Morpho_didius.jpg,morpho butterfly
1068,Moth/1200px-Male_Luna_Moth_2C_Megan_McCar.jpg,moth
1069,Moth/Brahmaea_wallichii_insulata__28Brahm.jpg,moth
1070,Moth/Cecropia_Moth.jpg,moth
1071,Moth/DSC_7784Large_Lace_Border_Moth.jpg,moth
1072,Mountain_Goat/Mountain_Goat_2.jpg,mountain goat
1073,Mountain_Goat/Mountain_Goat.jpg,mountain goat
1074,Mountain_Zebra/1200px-Cape_Mountain_Zebra__28Equus_.jpg,mountain zebra
1075,Mountain_Zebra/true-wildlife-mountain_zebra-3.jpg,mountain zebra
1076,Mountain_Zebra/true-wildlife-mountain_zebra-5.jpg,mountain zebra
1077,Mountain_Zebra/Two_Mountain_Zebras.jpg,mountain zebra
1078,Mountain_Zebra/zebra__25281_2529.jpg,mountain zebra
1079,Mouse/mouse_brown_hair.jpg,mouse
1080,Mouse_Spider/Mouse_20Spider_20(Scotophaeus_20blac.JPG,mouse spider
1081,Mud_Dauber_Wasp/Mud_Dauber_7.JPG,mud dauber wasp
1082,Mud_Dauber_Wasp/mud_dauber_wasp-1.jpg,mud dauber wasp
1083,Mud_Dauber_Wasp/Mud_Dauber_Wasp.jpg,mud dauber wasp
1084,Natterjack_Toad/Natterjack_20bw.preview.jpg,natterjack toad
1085,Natterjack_Toad/Natterjack_(16)_copy.jpg,natterjack toad
1086,Natterjack_Toad/Natterjack_(19)_copy.jpg,natterjack toad
1087,Natterjack_Toad/Natterjack_Toad__28Epidalea_calamita-2.jpg,natterjack toad
1088,Natterjack_Toad/Natterjack_Toad__28Epidalea_calamita.jpg,natterjack toad
1089,New_World_Monkey/1920px-BrownSpiderMonkey__28edit2_29.jpg,new world monkey
1090,New_World_Tarantula/Brazilian_Salmon_Pink.jpg,new world tarantula
1091,New_World_Tarantula/Hispaniolan_Giant_Tarantula_2.jpg,new world tarantula
1092,New_World_Tarantula/largest_20spider_20in_20the_20world.jpg,new world tarantula
1093,New_World_Tarantula/The_biggest_spider_in_the_world__252.jpg,new world tarantula
1094,New_World_Tarantula/World's_biggest_spider.jpg,new world tarantula
1095,Northern_Short-tailed_Shrew/30_20Northern_20Short-tailed_20Shrew.JPG,northern short-tailed shrew
1096,Nurse_Shark/636240971717860989232312353_nurse_20.jpg,nurse shark
1097,Nurse_Shark/Nurse_shark2.jpg,nurse shark
1098,Ocelot/1200px-Ocelot__28Jaguatirica_29_Zoo_.jpg,ocelot
1099,Ocelot/ocelot_a.jpg,ocelot
1100,Ocelot/Ocelot_Animal.jpg,ocelot
1101,Ocelot/Ocelot_Looking_Dangerour.jpg,ocelot
1102,Ocelot/Ocelot__28Leopardus_pardalis_29-8.jpg,ocelot
1103,Opossum/1200px-Didelphis_albiventris_2C_Bahi.jpg,opossum
1104,Opossum/Beautiful_Opossum.jpg,opossum
1105,Opossum/Opossum_3.jpg,opossum
1106,Opossum/Opossum_Looking_Angry.jpg,opossum
1107,Opossum/Opossum_Photo.jpg,opossum
1108,Opossum/possum_MG_0434_copy.jpg,opossum
1109,Orb_Weaver_Spider/Garden_Orb-Weaver_-_Darker.JPG,orb weaver spider
1110,Orb_Weaver_Spider/Nephila_antipodiana_Sumatra.jpg,orb weaver spider
1111,Orb_Weaver_Spider/Orb_Weaver_Spider.jpg,orb weaver spider
1112,Orb_Weaver_Spider/Orb_Weaver_Spider3.jpg,orb weaver spider
1113,Orb_Weaver_Spider/Orb_Weaver_Spider4.jpg,orb weaver spider
1114,Orb_Weaver_Spider/Orb_Weaver-1a.JPG,orb weaver spider
1115,Orb_Weaver_Spider/Walnut_20Orb-Weaver_20Spider_20(Nuct.JPG,orb weaver spider
1116,Osprey/1_27_13_osprey_stick_2.jpg,osprey
1117,Osprey/osprey_cape_may_nj_mar_23_2013_dpf-4.jpg,osprey
1118,Osprey/Osprey4_Bob_20Howdeshell_TN_2012_GBB.jpg,osprey
1119,Osprey/Pandion_haliaetus_-Sandy_Hook_2C_New.jpg,osprey
1120,Ostrich/1200px-Ostrich__28Struthio_camelus_2.jpg,ostrich
1121,Ostrich/1a_ostrich_-_nnp_-_rwc.jpg,ostrich
1122,Ostrich/1c1_ostrich_-_nnp_-_rwc.jpg,ostrich
1123,Ostrich/3d_ostrich_wallpaper_01.jpg,ostrich
1124,Ostrich/3d_ostrich_wallpaper_02.jpg,ostrich
1125,Ostrich/african_savannah_big_birds_animal_sa.jpg,ostrich
1126,Ostrich/Amazing_pictures_animals__Photos_Zoo.jpg,ostrich
1127,Ostrich/animals_africa_safari_destination_Os.JPG,ostrich
1128,Ostrich/ostrich_wallpapers_hd_(2).jpg,ostrich
1129,"Ostrich/Ostrich,_20Common_20w2.jpg",ostrich
1130,Ostrich/Struthio_camelus_-_Etosha_2014__283_.jpg,ostrich
1131,Pantropical_Spotted_Dolphin/Pantropical_2BSpotted_2BDolphin.jpg,pantropical spotted dolphin
1132,Pantropical_Spotted_Dolphin/Pantropical_Spotted_Dolphin.jpg,pantropical spotted dolphin
1133,Pantropical_Spotted_Dolphin/Pantropical_Spotted_Dolphin2.jpg,pantropical spotted dolphin
1134,Pantropical_Spotted_Dolphin/Pantropical_Spotted_Dolphin3.jpg,pantropical spotted dolphin
1135,Paper_Wasp/paper_wasp_fanning.jpg,paper wasp
1136,Paper_Wasp/Strepsiptera_20paper_20wasp.jpg,paper wasp
1137,Peacock/Male_peacock.jpg,peacock
1138,Peacock/Peacock_hd_free_Wallpapers.jpg,peacock
1139,Peacock/Peacock_Wallpapers_02.jpg,peacock
1140,Peacock/Peacock_Wallpapers_04.jpg,peacock
1141,Peacock/Peacock_Wallpapers_06.jpg,peacock
1142,Peacock/Peacock_Wallpapers_07.jpg,peacock
1143,Peacock/Peacock_Wallpapers_09.jpg,peacock
1144,Peacock/peacoock_hd_wallpaper.jpg,peacock
1145,Peacock/peafowl_pics_(16).jpg,peacock
1146,Peccary/javelina_20IMG_5486.jpg,peccary
1147,Plains_Zebra/1024px-Plains_zebra__28common_zebra_.jpg,plains zebra
1148,Plains_Zebra/Plains_Zebra02.JPG,plains zebra
1149,Plains_Zebra/Plains_zebra2.jpg,plains zebra
1150,Plains_Zebra/Plains_zebra4.jpg,plains zebra
1151,Plains_Zebra/Plains_zebra7.jpg,plains zebra
1152,Plains_Zebra/zebra__25282_2529.jpg,plains zebra
1153,Poison_Arrow_Frog/Green_Black_Poison_Dart_Frog.jpg,poison arrow frog
1154,Poison_Arrow_Frog/Poison_Dart_Frog_Dangerous.jpg,poison arrow frog
1155,Poison_Arrow_Frog/poison_dart_frog_pictures__281_29.jpeg,poison arrow frog
1156,Poison_Arrow_Frog/Poison_Dart_Frog.jpg,poison arrow frog
1157,Poison_Arrow_Frog/Poison_Dart_Frog2.jpg,poison arrow frog
1158,Poison_Arrow_Frog/Poison_Dart_Frog4.jpg,poison arrow frog
1159,Poison_Arrow_Frog/Poison_Dart_Frog6.jpg,poison arrow frog
1160,Poison_Arrow_Frog/Poison_Dart_Frogs_the_most_sangerous.jpg,poison arrow frog
1161,Porcupine/1200px-Hystrix_brachyura_2C_Malayan_.jpg,porcupine
1162,Porcupine/1280px-Hystrix_brachyura_2C_Malayan_.jpg,porcupine
1163,Porcupine/African_porcupine_HD_Wallpapers_(13).jpg,porcupine
1164,Porcupine/African_porcupine_HD_Wallpapers_(5).jpg,porcupine
1165,Porcupine/North_American_Porcupine.jpg,porcupine
1166,Potter_Wasp/Euodynerus_2Bmegaera_253F_2BPotter_2-1.jpg,potter wasp
1167,Potter_Wasp/Euodynerus_2Bmegaera_253F_2BPotter_2.jpg,potter wasp
1168,Potter_Wasp/insects_20Potter_20Wasp_20A1C_008_20.jpg,potter wasp
1169,Potter_Wasp/insects_20Potter_20Wasp_20A1F_001_20.jpg,potter wasp
1170,Potter_Wasp/orange_20potter_20wasp_2001.jpg,potter wasp
1171,Praying_Mantis/a_mantid_252B_praying_mantis.jpg.jpg,praying mantis
1172,Praying_Mantis/Orchid_Mantis1.jpg,praying mantis
1173,Praying_Mantis/Praying_Mantis_Macro_Wallpapers_(7).jpeg,praying mantis
1174,Praying_Mantis/Praying_Mantis_wallpapers_1.jpg,praying mantis
1175,Praying_Mantis/Praying_Mantis_wallpapers_2.jpg,praying mantis
1176,Praying_Mantis/Praying_Mantis_wallpapers_3.jpg,praying mantis
1177,Praying_Mantis/Praying_Mantis_wallpapers.jpg,praying mantis
1178,Praying_Mantis/praying_mantis-_282_29.jpg,praying mantis
1179,Praying_Mantis/PrayingMantis__2819_29.JPG,praying mantis
1180,Praying_Mantis/Praying_Mantis__28California_29.jpg,praying mantis
1181,Rabbit/2_NORMAL.jpg,rabbit
1182,Rabbit/European_2BRabbitss.jpg,rabbit
1183,Rabbit/flemish_giant_rabbit_image.jpg,rabbit
1184,Rabbit/Jack_rabbit_images.jpg,rabbit
1185,Rabbit/White-Rabbit-Cool-Wallpapers_01.jpg,rabbit
1186,Rabbit/Wild_rabbit_images2.JPG,rabbit
1187,Racoon/Common_Raccoon__28Procyon_lotor_29_i.jpg,racoon
1188,Racoon/Procyon_lotor__28Common_raccoon_29.jpg,racoon
1189,Racoon/raccoon_in_tree_b_20130301_LRW.JPG,racoon
1190,Racoon/raccoon_wallpapers_3.jpg,racoon
1191,Racoon/raccoon_wallpapers_8.jpg,racoon
1192,Racoon/raccoon_wallpapers.jpg,racoon
1193,Racoon/raccoon_1280x1024_5B1_5D.jpg,racoon
1194,Racoon/racoon_20in_20tree.jpg,racoon
1195,Rainbow_Bee_Eater/Bee-eater_Rainbow_202_20_28Harvey_20.jpg,rainbow bee eater
1196,Rainbow_Bee_Eater/Rainbow_2BBeeeater2.jpg,rainbow bee eater
1197,Rainbow_Bee_Eater/rainbow_bee-eater_01.jpg,rainbow bee eater
1198,Rattlesnake/Crotalus_20horridus_20Pulaski_20Co._.jpg,rattlesnake
1199,Rattlesnake/Crotalus_horridus__281_29.jpg,rattlesnake
1200,Rattlesnake/Rattlesnake_dangerous_animal_attacks.jpg,rattlesnake
1201,Rattlesnake/Rattlesnake_Wallpapers_(2).jpg,rattlesnake
1202,Rattlesnake/Rattlesnake_Wallpapers_(4).jpg,rattlesnake
1203,Rattlesnake/Rattlesnake_Wallpapers_(5).jpg,rattlesnake
1204,Rattlesnake/Rattlesnake_Wallpapers_(6).jpg,rattlesnake
1205,Rattlesnake/Rattlesnake_Wallpapers_(7).jpg,rattlesnake
1206,Rattlesnake/Rattlesnake_Wallpapers_(9).jpg,rattlesnake
1207,Rattlesnake/Timber_Rattlesnake_2.jpg,rattlesnake
1208,Red-backed_Shrike/Red_20backed_20Shrike_20Everleigh_20.jpg,red-backed shrike
1209,Red-backed_Shrike/Red-backed_20Shrike_20-_20KG40.jpg,red-backed shrike
1210,Red-backed_Shrike/Red-backed_20Shrike_20Wakering_20Sta.JPG,red-backed shrike
1211,Red-backed_Shrike/red-backed_20shrike.jpg,red-backed shrike
1212,Red-backed_Shrike/Red-backed_Shrike_2C_female_-_palest.jpg,red-backed shrike
1213,Red_Back_Jumping_Spider/Jumping_spider-_Edmond_field_-_1.jpg,red back jumping spider
1214,Red_British_Squirrel/DSC_0010_2B(2).jpg,red british squirrel
1215,Red_British_Squirrel/red_20squirrel2_20_MG_9353_20lw.jpg,red british squirrel
1216,Red_Fox/Red_2BFox_2BWallpapers_2B10.jpg,red fox
1217,Red_Fox/Red_-Fox-_Wallpaper.jpg,red fox
1218,Red_Fox/Red_Fox_Wallpapers_1.jpg,red fox
1219,Red_Fox/Red_Fox_Wallpapers_2.jpg,red fox
1220,Red_Fox/Red_Fox_Wallpapers_6.jpg,red fox
1221,Red_Fox/Red_Fox_Wallpapers_8.jpg,red fox
1222,Red_Fox/Red_Fox_Wallpapers.jpg,red fox
1223,Red_Fox/Red_Fox.jpg,red fox
1224,Red_Fox/Red_Fox4.jpg,red fox
1225,Red_Fox/Red_Fox6.jpg,red fox
1226,Red_Fox/Red_Fox__28Vulpes_vulpes_29_-British.jpg,red fox
1227,Red_Kite/IMG_7694_2BRed_2BKite_2B21_04_2016_2.jpg,red kite
1228,Red_Kite/Red_2BKite_2BCredit_2BBen_2BHall_2B_.jpg,red kite
1229,Red_Kite/Red_Kite_1.jpg,red kite
1230,Red_Kite/Red_Kite_2.jpg,red kite
1231,Red_Kite/Red_Kite_3.jpg,red kite
1232,Red_Kite/Red_Kite_4.jpg,red kite
1233,Red_Kite/Red_Kite_5.jpg,red kite
1234,Red_Kite/Red_Kite_7.jpg,red kite
1235,Red_Kite/Red_Kite_j.jpg,red kite
1236,Red_Kite/Red_Kite_s.jpg,red kite
1237,Red_Kite/Red_Kite_w.jpg,red kite
1238,Red_Kite/Red_Kite_y.jpg,red kite
1239,Red_Kite/Red_Kite-1.jpg,red kite
1240,Red_Rock_Crab/1920px-Zayapa__28Grapsus_grapsus_29_.jpg,red rock crab
1241,Red_Rock_Crab/Red_Rock_Crab_Juv.2___Alki_4-1-13.jpg,red rock crab
1242,Red_Rock_Crab/Red_Rock_Crab.jpg,red rock crab
1243,Red_Wolf/Red_wolf_with_pup.jpg,red wolf
1244,Red_Wolf/Red_20Wolf_20in_20North_20Carolina.JPG,red wolf
1245,Red_Wolf/Red_wolf_with_pup.jpg,red wolf
1246,Red_Wolf/red_wolf.jpg,red wolf
1247,Red_Wolf/Red_Wolf2.jpg,red wolf
1248,Red_Wolf/Red_wolf__284531335218_29.jpg,red wolf
1249,Reticulated_Giraffe/2a_giraffe_252C_reticulated_-_bsp_-_.jpg,reticulated giraffe
1250,Reticulated_Giraffe/2b_giraffe_252C_reticulated_-_bsp_-_.jpg,reticulated giraffe
1251,Reticulated_Giraffe/2d_giraffe_252C_reticulated_-_bsp_-_.jpg,reticulated giraffe
1252,Reticulated_Giraffe/3a_giraffe_252C_reticulated_-_bsp_-_.jpg,reticulated giraffe
1253,Reticulated_Giraffe/6a_giraffe_252C_reticulated_-_bsp_-_.jpg,reticulated giraffe
1254,Reticulated_Giraffe/8a_giraffe_252C_reticulated_-_bsp_-_.jpg,reticulated giraffe
1255,Rhinoceros/3-horned_2Bwhite_2Brhinoceros_252C_2.jpg,rhinoceros
1256,Rhinoceros/Caption_White_rhinoceros__2528_Cerat.jpg,rhinoceros
1257,Rhinoceros/Rhino_Wallpapers_3.jpg,rhinoceros
1258,Rhinoceros/Rhinoceros_Wallpapers_06.jpg,rhinoceros
1259,Rhinoceros/Rhinoceros_Wallpapers_07.jpg,rhinoceros
1260,Rhinoceros/Rhinoceros_Wallpapers.jpg,rhinoceros
1261,"Rhinoceros/White_20Rhinoceros,_20Kenya,_20Afric.jpg",rhinoceros
1262,Rhinoceros/White_Rhino_beautiful_dangerous_afri.jpg,rhinoceros
1263,Rhinoceros/White_Rhinoceros3.jpg,rhinoceros
1264,Rhinoceros/White_Rhinoceros5.jpeg,rhinoceros
1265,Rhinoceros_Beetle/Amazing_pictures_of_animals_photos_p.jpg,rhinoceros beetle
1266,Rhinoceros_Beetle/Oryctes_rhinoceros.jpg,rhinoceros beetle
1267,Rhinoceros_Beetle/Oryctes_species_2C_rhinoceros_beetle.jpg,rhinoceros beetle
1268,Rhinoceros_Beetle/rhinoceros_beetle1.jpg,rhinoceros beetle
1269,Rhinoceros_Beetle/rhinoceros_beetle2.jpg,rhinoceros beetle
1270,Rhinoceros_Beetle/rhinoceros_beetle3.jpg,rhinoceros beetle
1271,Rhinoceros_Beetle/rhinoceros_beetle4.jpg,rhinoceros beetle
1272,Rhinoceros_Beetle/Scarab_25C3_25A9e_rhinoc_25C3_25A9ro.jpg,rhinoceros beetle
1273,Risso's_Dolphin/Risso_Dolphins-3.jpg,risso's dolphin
1274,Risso's_Dolphin/Risso_Dolphins-5.jpg,risso's dolphin
1275,Rockhopper_Penguin/1200px-FAL-2016-New_Island_2C_Falkla-2.jpg,rockhopper penguin
1276,Rockhopper_Penguin/1200px-FAL-2016-New_Island_2C_Falkla.jpg,rockhopper penguin
1277,Royal_Penguin/1200118IMG_6348_20new1.JPG,royal penguin
1278,Royal_Penguin/Royal_penguin4.jpg,royal penguin
1279,Royal_Penguin/Royal_penguin5.jpg,royal penguin
1280,Sacred_Ibis/1a_sacred_ibis_-_ngo.JPG,sacred ibis
1281,Sacred_Ibis/African_Sacred_Ibis__(2).jpg,sacred ibis
1282,Sacred_Ibis/Amazing_pictures_animals__Photos_Zoo-1.jpg,sacred ibis
1283,Sacred_Ibis/Amazing_pictures_animals__Photos_Zoo-2.jpg,sacred ibis
1284,Sacred_Ibis/Amazing_pictures_animals__Photos_Zoo-3.jpg,sacred ibis
1285,Sacred_Ibis/Amazing_pictures_animals__Photos_Zoo-4.jpg,sacred ibis
1286,Sacred_Ibis/Amazing_pictures_animals__Photos_Zoo-5.jpg,sacred ibis
1287,Sacred_Ibis/Amazing_pictures_animals__Photos_Zoo-6.jpg,sacred ibis
1288,Sacred_Ibis/Amazing_pictures_animals__Photos_Zoo.jpg,sacred ibis
1289,Sacred_Ibis/Haughty_20Ibis.JPG,sacred ibis
1290,Sacred_Ibis/IMG_8139_Sacred_Ibis_201113.jpg,sacred ibis
1291,Sacred_Ibis/Sacred_20Ibis_2858.jpg,sacred ibis
1292,Sally_Lightfoot_Crab/Galapagos_201-2-04_20Bachas_20Sally_.JPG,sally lightfoot crab
1293,Sally_Lightfoot_Crab/Sally_Lightfoot_Crab.jpg,sally lightfoot crab
1294,Sand_Lizard/Dominic_20Sand_20Lizard_201.jpg,sand lizard
1295,Sand_Lizard/Sand_lizard3.jpg,sand lizard
1296,Scarlet_Macaw/scarlet_2Bmacaw_2B3.jpg,scarlet macaw
1297,Scarlet_Macaw/scarlet_macaw_4.jpg,scarlet macaw
1298,Scarlet_Macaw/scarlet_macaw_5.jpg,scarlet macaw
1299,Scarlet_Macaw/Scarlet_Macaw_Parrot.jpg,scarlet macaw
1300,Scarlet_Macaw/Scarlet__Macaw_Bird_Facts.jpg,scarlet macaw
1301,Scarlet_Macaw/Scarlet__Macaw_Lovely_Face.jpg,scarlet macaw
1302,Scottish_Crossbill/Madagascar43_20620.jpg,scottish crossbill
1303,Scottish_Crossbill/methode_2Ftimes_2Fprod_2Fweb_2Fbin_2.jpg,scottish crossbill
1304,Scottish_Crossbill/Scotish_20Crossbill-8.jpeg,scottish crossbill
1305,Scottish_Crossbill/Scottish_Crossbill_06042012_2.jpg,scottish crossbill
1306,Scottish_Crossbill/Scottish_crossbill_Loxia_scotica.jpg,scottish crossbill
1307,Scottish_Crossbill/scottish_crossbill1.jpg,scottish crossbill
1308,Seal/Baby_Seal..jpg,seal
1309,Seal/Seal_Wallpapers_(7).jpg,seal
1310,Seal/true_seal3.jpg,seal
1311,Sea_Lion/2d_2Bsea_2Blion.jpg,sea lion
1312,Sea_Lion/31_sea_animal__2528www.cute-pictures.jpg,sea lion
1313,Sea_Lion/Australian_Female_Sea_Lion.jpg,sea lion
1314,Sea_Lion/Australian_Sea_Lion_Pic.jpg,sea lion
1315,Sea_Lion/California_Sea_Lion_6.jpg,sea lion
1316,Sea_Lion/California_Sea_Lion_7.jpg,sea lion
1317,Sea_Lion/male_2Bsteller.jpg,sea lion
1318,Sea_Lion/sea_lion.jpg,sea lion
1319,Sea_Lion/Sealions_on_Pier_39_2C_SF_2C_CA_2C_j.jpg,sea lion
1320,Secretary_Bird/Sagittarius_serpentarius_Sekret_C3_A.JPG,secretary bird
1321,Secretary_Bird/secretary_bird_252C_12-16-2013-2-3.jpg,secretary bird
1322,Secretary_Bird/secretary_bird__281_29.jpg,secretary bird
1323,Secretary_Bird/secretary_bird__282_29.jpg,secretary bird
1324,Secretary_Bird/secretary_bird__284_29.jpg,secretary bird
1325,Secretary_Bird/secretary_bird_2.jpg,secretary bird
1326,Secretary_Bird/secretary_bird_3.jpg,secretary bird
1327,Secretary_Bird/secretary_bird_HD_Wallpapers_(1).jpg,secretary bird
1328,Secretary_Bird/secretary_bird_HD_Wallpapers_(5).jpg,secretary bird
1329,Secretary_Bird/secretary_bird.jpg,secretary bird
1330,Sheep/Etsy_2Bsheep_2B132.JPG,sheep
1331,Sheep/indian_sheep_pictures_3.jpg,sheep
1332,Sheep/sheep_096.JPG,sheep
1333,Sheep/sheep_north_fife.jpg,sheep
1334,Sheep/Swaledale_Sheep_2C_Lake_District_2C_.jpg,sheep
1335,Skipper_Butterfly/1200px-Laab_im_Walde_-_B_C3_A4renber.jpg,skipper butterfly
1336,Skipper_Butterfly/1920px-Tropical_checkered_skipper__2.JPG,skipper butterfly
1337,Skipper_Butterfly/Chequered_Skipper_-_Carterocephalus_.jpg,skipper butterfly
1338,Skipper_Butterfly/erynnis_20tages_20-_20dingy_20skippe.jpg,skipper butterfly
1339,Skipper_Butterfly/Lerema_accius_Bengkulu.jpg,skipper butterfly
1340,Skipper_Butterfly/Lerema_accius_sumatera_Indonesia.jpg,skipper butterfly
1341,Skipper_Butterfly/r_2BClouded_2BSkipper_2BSanta_2BAna_.jpg,skipper butterfly
1342,Skipper_Butterfly/Silver-spotted_Skipper_-_Hesperia_co.jpg,skipper butterfly
1343,Skipper_Butterfly/skipper_1.jpg,skipper butterfly
1344,Skipper_Butterfly/skipper_uneven_wings.jpg,skipper butterfly
1345,Skipper_Butterfly/Small_Skipper_-_Thymelicus_sylvestri.jpg,skipper butterfly
1346,Skipper_Butterfly/Small_Skipper_butterfly.jpg,skipper butterfly
1347,Skipper_Butterfly/Small_Skipper_Heysham_30.6.10_5230_(.jpg,skipper butterfly
1348,Sloth/sloth__286_29.JPG,sloth
1349,Sloth/Sloth_at_Cahuita_by_Pauline__2822_29.JPG,sloth
1350,Snake/anaconda_hd_desktop_hd_wallpaper.jpg,snake
1351,Snake/Bull_Snake_5.jpg,snake
1352,Snake/Green_Snake-159278.jpeg,snake
1353,Snake/HD_White_Snake_Wallpapers.jpg,snake
1354,Snake/little_2Bsnakes_2Bpictures_2Bwww.Rea.jpg,snake
1355,Snake/Maltese_2Bspecimen_2Bof_2BEuropean_2-1.jpg,snake
1356,Snake/pet_snake_pictures.jpg,snake
1357,Snake/Queen_Snake.jpg,snake
1358,Snake/Snake_20piton_20Pythonidae_20serpien.jpg,snake
1359,Snake/Snake_HD_Funny_Wallpapers_10.jpg,snake
1360,Snake/snake_pics_(22).jpg,snake
1361,Snake/Snake_Wallpaper.jpg,snake
1362,Snares_Penguin/1200115Snares_20penguin_20Snares_202.JPG,snares penguin
1363,Snares_Penguin/http_3A_2F_2Fa.amz.mshcdn.com_2Fwp-c.jpg,snares penguin
1364,Snares_Penguin/Snares_20penguin_2029_20Dec_201986_2.jpg,snares penguin
1365,Snares_Penguin/Snares_crested3.jpg,snares penguin
1366,Snares_Penguin/SnaresPenguin__28Mattern_29_large.jpg,snares penguin
1367,Snowshoe_Hare/Cute_Snowshoe_Hare.jpg,snowshoe hare
1368,Snowshoe_Hare/Funny_snowshoe_hare.jpg,snowshoe hare
1369,Snowshoe_Hare/Rabbit_3.jpg,snowshoe hare
1370,Snowshoe_Hare/Rabbit_4-1.jpg,snowshoe hare
1371,Snowshoe_Hare/Rabbit_4.jpg,snowshoe hare
1372,Snowshoe_Hare/snow_2Bshoe_2Bharecanmore_2Bjune_2B1.JPG,snowshoe hare
1373,Snowshoe_Hare/Snowshoe_20Hare_200002.jpg,snowshoe hare
1374,Snowshoe_Hare/snowshoe_hare_2.JPG,snowshoe hare
1375,Snowshoe_Hare/Snowshoe_Hare_Beautiful_Eyes.JPG,snowshoe hare
1376,Snowshoe_Hare/Snowshoe_Hare_Best_Shot.jpg,snowshoe hare
1377,Snowshoe_Hare/Snowshoe_Hare_Eating_Grass.jpg,snowshoe hare
1378,Snowshoe_Hare/Snowshoe_Hare_Looking_Dangerous.jpg,snowshoe hare
1379,Snowshoe_Hare/Snowshoe_Hare_Walk-1.jpg,snowshoe hare
1380,Snowshoe_Hare/Snowshoe_Hare_Walk.jpg,snowshoe hare
1381,Snowshoe_Hare/Snowshoe_Hare2.jpg,snowshoe hare
1382,Song_Thrush/1200595Song_20thrush_20-_20adult_20w.jpg,song thrush
1383,Song_Thrush/Mistle_20Thrush_2081_20(Michael_20Fi.jpg,song thrush
1384,Song_Thrush/Song_20thrush_20cpt_20Steve_20Waterh.jpg,song thrush
1385,Song_Thrush/Song_20Thrush_20top.jpg,song thrush
1386,Song_Thrush/Song_20Thrush-1.jpg,song thrush
1387,Song_Thrush/Song_20Thrush-2.jpg,song thrush
1388,Song_Thrush/Song_2BThrush_2B3_2BCraig.jpg,song thrush
1389,Song_Thrush/song_thrush_01_16022012.jpg,song thrush
1390,Song_Thrush/song_thrush_3.jpg,song thrush
1391,Song_Thrush/Song_thrush_bird.jpg,song thrush
1392,Song_Thrush/sonth_20052e_20(John_20Harding)_20(A.jpg,song thrush
1393,Song_Thrush/thrush_singing.png,song thrush
1394,Spider/2010_20Aug_2009_0013_20copy.jpg,spider
1395,Spider/Barn_Spider_Wallpapers_9.jpg,spider
1396,Spider/Running_Crab_Spider-1.JPG,spider
1397,Spider/tree_spider_2.jpg,spider
1398,Spider_Monkey/Panama_spider_monkey_2C_Costa_Rica.JPG,spider monkey
1399,Spider_Monkey/spider_252Bmonkeys.jpg,spider monkey
1400,Spider_Monkey/Spider_Monkey.JPG,spider monkey
1401,Spider_Monkey/SpiderMonkey_3.jpg,spider monkey
1402,Spider_Monkey/Spider_Monkey_2C_Tortuguero.jpg,spider monkey
1403,Spinner_Dolphin/Spinner_Dolphin_1.jpg,spinner dolphin
1404,Spinner_Dolphin/spinner_dolphin_lr.jpg,spinner dolphin
1405,Spinner_Dolphin/Spinner_Dolphin_Wallpapers1.jpg,spinner dolphin
1406,Spinner_Dolphin/Spinner_Dolphin_Wallpapers9.jpg,spinner dolphin
1407,Spotted_Beetle/Six-spotted_20Tiger_20Beetle_200001.jpg,spotted beetle
1408,Spotted_Beetle/Six-spotted_20Tiger_20Beetle_200007.jpg,spotted beetle
1409,Spotted_Beetle/Six-spotted_20Tiger_20Beetle_200010.jpg,spotted beetle
1410,Spotted_Beetle/Spotted_Cucumber_Beetle-1.jpg,spotted beetle
1411,Spotted_Beetle/Spotted_Cucumber_Beetle.jpg,spotted beetle
1412,St._Andrew's_Cross_Spider/1200px-Female_St_Andrew_27s_Cross_Sp.jpg,st. andrew's cross spider
1413,St._Andrew's_Cross_Spider/991px-Argiope_keyserlingi_2C_St_Andr.jpg,st. andrew's cross spider
1414,St._Andrew's_Cross_Spider/st_20andrews_20cross_20spider_20apri.jpg,st. andrew's cross spider
1415,Stag_Beetle/methode_2Ftimes_2Fprodmigration_2Fwe-1.jpg,stag beetle
1416,Stag_Beetle/Stag_beetle.jpg,stag beetle
1417,Stingless_Bee/Giant_stingless.jpg,stingless bee
1418,Stingless_Bee/stingless_20bee_20colony.jpg,stingless bee
1419,Stingless_Bee/Stingless_bees__28Meliponini_29_2C_F.jpg,stingless bee
1420,Stingless_Bee/Trigona_iridipennes.JPG,stingless bee
1421,Stingless_Bee/Trigona_Mexico.jpg,stingless bee
1422,Stink_Bug/13423076241778489739stink_20bug.jpg,stink bug
1423,Stink_Bug/Brown_stink_bug_dwj.JPG,stink bug
1424,Stink_Bug/rough_20stink_20bug_20durham_2011091-1.JPG,stink bug
1425,Stink_Bug/rough_20stink_20bug_20durham_2011091.JPG,stink bug
1426,Stink_Bug/stink_20bug.jpg,stink bug
1427,Stink_Bug/stink_bug.jpg,stink bug
1428,Stoat/Stoat_1_copy.jpg,stoat
1429,Stoat/Stoat_1.jpg,stoat
1430,Stoat/stoat_killed_baby_rabbit2013.JPG,stoat
1431,Stone_Dwelling_Centipede/4_3A20_3A09.png,stone dwelling centipede
1432,Storm_Petrel/4S0A1020_20storm_20petrel_206-24-201.jpg,storm petrel
1433,Storm_Petrel/Elliot_2527s_storm-petrel_266.jpg,storm petrel
1434,Storm_Petrel/Elliot_27s_Storm_Petrel.jpg,storm petrel
1435,"Storm_Petrel/petrel,_20white-vented_20storm-_2010-1.jpg",storm petrel
1436,"Storm_Petrel/petrel,_20white-vented_20storm-_2010.jpg",storm petrel
1437,Striped_Dolphin/striped_dolphin_(800x563).jpg,striped dolphin
1438,Striped_Dolphin/Striped_dolphin1.jpg,striped dolphin
1439,Striped_Dolphin/Striped_dolphin2.jpg,striped dolphin
1440,Striped_Dolphin/Striped_dolphin3.jpg,striped dolphin
1441,Striped_Dolphin/Striped_dolphin4.jpg,striped dolphin
1442,Striped_Hyena/Spotted_Hyena_3.jpg,striped hyena
1443,Swallow_Tailed_Gull/Galapagos_2-1-19_North_Seymour_Swall.jpg,swallow tailed gull
1444,Swallow_Tailed_Gull/Galapagos_207-2-02_20Genovesa_20Darw.JPG,swallow tailed gull
1445,Swallow_Tailed_Gull/galapagos_20swallow_20tailed_20gull.jpg,swallow tailed gull
1446,Swallow_Tailed_Gull/Genovesa_Island_252C_Galapagos_Islan.jpg,swallow tailed gull
1447,Swallow_Tailed_Gull/IMG_7527_20swallow-tail_20gull_20res.jpg,swallow tailed gull
1448,Tarantula_Spider/Australian_20tarantula_20-_20credit_.jpg,tarantula spider
1449,Tarantula_Spider/Mexican_2BRed-kneed_2B-big-Tarantula.jpg,tarantula spider
1450,Tarantula_Spider/Mexican_2BRed-kneed_2BTarantula_2B3.jpg,tarantula spider
1451,Tarantula_Spider/tarantula_2B003.jpg,tarantula spider
1452,Tarantula_Spider/Tarantula_image.jpg,tarantula spider
1453,Tawny_Eagle/1369316555_3!!-!!PWT_20_20Tawny_20Ea-1.jpg,tawny eagle
1454,Tawny_Eagle/Tawney_eagle__3952.jpg,tawny eagle
1455,Tawny_Eagle/Tawny_20eagle-garima_20bhatia.jpg,tawny eagle
1456,Tawny_Eagle/Tawny_2BEagle.jpg,tawny eagle
1457,Tawny_Eagle/Tawny_Eagle_.jpg,tawny eagle
1458,Tawny_Eagle/Tawny_eagle__5819.jpg,tawny eagle
1459,Toco_Toucan/Riesentukan__28Toco_Toucan_29_Weltvo.jpg,toco toucan
1460,Toco_Toucan/Toco_Toucan_4.jpg,toco toucan
1461,Toco_Toucan/Toco_Toucan_6.jpg,toco toucan
1462,Toco_Toucan/Toco_Toucan_8.jpg,toco toucan
1463,Toco_Toucan/Toco_Toucan.jpg,toco toucan
1464,Tortoise/A3_Desert_Tortoise.JPG,tortoise
1465,Tortoise/A6_Desert_Tortoise.JPG,tortoise
1466,Tortoise/Aldabra_2Bgiant_2Btortoises_2C_2BDr_.jpg,tortoise
1467,Tortoise/Desert_Tortoise.JPG,tortoise
1468,Tortoise/Desert_Tortoise5.jpg,tortoise
1469,Tortoise/DSC_7433_2B-_2BCopy.JPG,tortoise
1470,Tortoise/Galapagos_Land_Tortoise_KAC0543.jpg,tortoise
1471,Tortoise/Galapagos_Tortoise_at_Peurto_Velasco.jpg,tortoise
1472,Tortoise/GOLD_2BLeopard_2BTortoise.jpg,tortoise
1473,Tortoise/Land_Tortoise_4.JPG,tortoise
1474,Tortoise/tortoise_pictures_(16).jpg,tortoise
1475,Tortoise/tortoise_pictures_(3).jpg,tortoise
1476,Tortoise/tortoise_wallpapers_hd_(3).jpg,tortoise
1477,Tortoise/Tortoise-Facts-and-Images_04.jpg,tortoise
1478,Trapdoor_Spider/Idiopidae_-_Anidiops_sp._-_Giant_Tra.JPG,trapdoor spider
1479,Trapdoor_Spider/trapdoor_20spider_20hope_20mills_20n.jpg,trapdoor spider
1480,Trapdoor_Spider/Trapdoor_Spider.jpg,trapdoor spider
1481,Trapdoor_Spider/Trapdoor_Spider3.jpg,trapdoor spider
1482,Trapdoor_Spider/Trapdoor_Spider4-1.jpg,trapdoor spider
1483,Trapdoor_Spider/Trapdoor_Spider4.jpg,trapdoor spider
1484,Tuatara/Female_20tuatara_20head_20shot.jpg,tuatara
1485,Tuatara/Juvenile_20tuatara.jpg,tuatara
1486,"Tuatara/Sphenodon_20punctatus_20head_20shot,.jpg",tuatara
1487,Tuatara/Sphenodon_20punctatus_20whole_20anim.jpg,tuatara
1488,Tuatara/Tuatara_(Simon)-1.jpg,tuatara
1489,Tuatara/Tuatara_20on_20branch.jpg,tuatara
1490,Tuatara/Tuatara_20on_20forest_20floor_20thre.jpg,tuatara
1491,Tuatara/Tuatara_20on_20forest_20floor.jpg,tuatara
1492,Tuatara/Tuatara_2C_Mount_Bruce_National_Wild.JPG,tuatara
1493,Turtle/baby_sea_turtle.jpg,turtle
1494,Turtle/Common_20Map_20Turtle.jpg,turtle
1495,Turtle/Green_Hawksbill_Turtle.jpg,turtle
1496,Turtle/Green_Sea_Turtle_babies_of_beautiful-2.jpg,turtle
1497,Turtle/Green_Sea_Turtle_babies_of_beautiful.jpg,turtle
1498,Turtle/Snapping_Turtle.JPG,turtle
1499,Turtle/Snapping_Turtle3.jpg,turtle
1500,Turtle/turtle_2Bunder_2Bsea.jpg,turtle
1501,Turtle/Turtle_hd_wallpaper_22.jpg,turtle
1502,Turtle/Turtle_hd_wallpaper_32.jpg,turtle
1503,Turtle/Turtle_image.jpg,turtle
1504,Turtle/turtle_pics_(17).jpg,turtle
1505,Vampire_Bat/bats_wallpaper_3.jpg,vampire bat
1506,"Vampire_Bat/Desmodus_20rotundus,_20Vampire_20bat.jpg",vampire bat
1507,Vervet_Monkey/743_Grivet_20Monkey_Chlorocebus_20ae.jpg,vervet monkey
1508,Vervet_Monkey/Grivet_20Monkey.jpg,vervet monkey
1509,Vervet_Monkey/Grivet_Monkey.jpg,vervet monkey
1510,Vervet_Monkey/Grivet_Monkey_2C_Ethiopia__281140275.jpg,vervet monkey
1511,Vervet_Monkey/Grivet_Monkeys_2C_Ethiopia__28140878.jpg,vervet monkey
1512,Vulture/10c_vulture_252C_ruppell_2527s_-_sti.jpg,vulture
1513,Vulture/Dangerous_Griffon_Vulture.jpg,vulture
1514,Vulture/Griffon_Vulture_Bird.jpg,vulture
1515,Vulture/Griffon_Vulture_Couple.jpg,vulture
1516,Vulture/Lesser_Yellow-headed_Vulture_(Cathar.jpg,vulture
1517,Vulture/Turkey_20Vulture_20b57-1-282_V.jpg,vulture
1518,Vulture/Turkey_vulutre.jpg,vulture
1519,Vulture/turkey_vulture_on_tree.jpg,vulture
1520,Vulture/Turkey_Vulture__28Cathartes_aura_29_.jpg,vulture
1521,Vulture/_DSC0003_5B334_5D_5B1600_5D_(Turkey_.jpg,vulture
1522,Vulture/_DSC0020_5B334_5D_5B1600_5D_(Turkey_.jpg,vulture
1523,Vulture/_DSC0025_5B334_5D_5B1600_5D_(Turkey_.jpg,vulture
1524,Vulture/_DSC0034_5B334_5D_5B1600_5D_(Turkey_.jpg,vulture
1525,Wasp/Wasp_1.jpg,wasp
1526,"Water_Beetle/1_Giant_Black_Water_Beetle,_Hydrophi.JPG",water beetle
1527,Water_Beetle/Water_20Beetle_20(Ilybius_20subaeneu.JPG,water beetle
1528,Water_Beetle/Water_20Scavenger_20Beetle_2001.jpg,water beetle
1529,Weasel/F001J9_weasel-xlarge_trans__eo_i_u9A.jpg,weasel
1530,Weasel/Least_Weasel.jpg,weasel
1531,Weasel/long-tailed_2Bweasel_2B2.JPG,weasel
1532,Weasel/long-tailed_2Bweasel_2B3.JPG,weasel
1533,Weasel/long-tailed_weasel_1.JPG,weasel
1534,Weasel/long-tailed_weasel_7.JPG,weasel
1535,Weasel/long-tailed_weasel_8.JPG,weasel
1536,Weasel/long-tailed_weasel_9.JPG,weasel
1537,Weasel/malay_weasal.png,weasel
1538,Weasel/Weasel_Best_Shot.jpg,weasel
1539,Weasel/Weasel_Cute_Pic.jpg,weasel
1540,Weasel/Weasel_Hunting.jpg,weasel
1541,Weasel/Weasel_long_tailed.jpg,weasel
1542,Weevil_Beetle/Giraffe_weevil.jpg,weevil beetle
1543,Weevil_Beetle/snout_beetle_coklat_hijau.jpg,weevil beetle
1544,Weevil_Beetle/weevil_2Bbug-001.JPG,weevil beetle
1545,Weevil_Beetle/weevil_2Bbug-1.JPG,weevil beetle
1546,Weevil_Beetle/weevil_2Bbug.JPG,weevil beetle
1547,West_African_Manatee/West_Indian_Manatee1.jpg,west african manatee
1548,Whale/Killer_Whale_Wallpapers_4.jpg,whale
1549,Whale/Killer_Whale_Wallpapers_6.jpg,whale
1550,Whale/Whale_hd_wallpaper_6.jpg,whale
1551,Whale/Whale_hd_wallpaper_7.jpg,whale
1552,Whale/whales_hd_Wallpaper_2013_08.jpg,whale
1553,White_Cheeked_Pintail_Duck/IMG_0661_20ducks_20resize.jpg,white cheeked pintail duck
1554,White_Rhino/Rhinoc_C3_A9ros_blanc_JHE.jpg,white rhino
1555,White_Rhino/White_Rhino.jpg,white rhino
1556,White_Rhino/White_Rhino4-1.jpg,white rhino
1557,White_Rhino/White_Rhino4.jpg,white rhino
1558,White_Rhino/White_Rhino5.jpg,white rhino
1559,White_Rhino/white_rhinoceros_picture_03.jpg,white rhino
1560,White_Rhino/white_rhinoceros_picture_2013.jpg,white rhino
1561,White_Stork/tmp5468_thumb_thumb_5B1_5D.jpg,white stork
1562,White_Stork/White_2BStork.jpg,white stork
1563,White_Stork/WhiteStork.ANP._2B(1).jpg,white stork
1564,Wildebeest/3d_wildebeest_-_ngo_-_jkm.jpg,wildebeest
1565,Wildebeest/blue-wildebeest-connochaetes_taurinu.jpg,wildebeest
1566,Wildebeest/Blue_wildebeest__28Connochaetes_taur.jpg,wildebeest
1567,Wildebeest/Blue_Wildebeest_Mikumi_clipped_252Cj.jpg,wildebeest
1568,Wildebeest/P1080917_2B_25284_2529.JPG,wildebeest
1569,Wildebeest/Wildebeest_2.jpg,wildebeest
1570,Wildebeest/Wildebeest_5.jpg,wildebeest
1571,Wild_Boar/Wild_boar_HD_Wallpapers_(1).jpeg,wild boar
1572,Wild_Boar/wild_boar_info_images_06.jpg,wild boar
1573,Wild_Boar/wild_boar.JPG,wild boar
1574,Wild_Rabbit/close_up_cuddle_rabbbits.JPG,wild rabbit
1575,Wild_Rabbit/Cottontail_Rabbit.jpg,wild rabbit
1576,Wild_Rabbit/cute_rabbit_standing_up.JPG,wild rabbit
1577,Wild_Rabbit/five_rabbits_eating_grass(1).jpg,wild rabbit
1578,Wild_Rabbit/rabbit_three_quarter_front_6-22-12.JPG,wild rabbit
1579,Wild_Rabbit/Wild_rabbit_images.jpg,wild rabbit
1580,Wild_Rabbit/Wild_Rabbit.jpg,wild rabbit
1581,Wild_Rabbit/Wild-Rabbits-cute-Pictures-2012_06.jpg,wild rabbit
1582,Wild_Rabbit/Young_wild_rabbit.JPG,wild rabbit
1583,Wolf/1200px-Tibetan_Wolf_By_Stanzin__28St.jpg,wolf
1584,Wolf/Boss__1_-_2.jpg,wolf
1585,Wolf/The_Wolf.jpg,wolf
1586,Wolf_Spider/Florida_Wolf_Spider_1.JPG,wolf spider
1587,Wolf_Spider/Lycosidae_-_unknown_Wolf_Spider.JPG,wolf spider
1588,Wolf_Spider/Wolf_20Spider_20side_20groomingl.jpg,wolf spider
1589,Wolf_Spider/Wolf_20Spiders_205-30-08_203.JPG,wolf spider
1590,Wolf_Spider/Wolf_2BSpider_2BMacro.JPG,wolf spider
1591,Wolf_Spider/wolf_2Bspider45.jpg,wolf spider
1592,Wolf_Spider/wolf_spider_young_on_back_Lycosidae_.JPG,wolf spider
1593,Wolf_Spider/Wolf_Spider-Spiderlings_Don_Farrell_.jpg,wolf spider
1594,Wolf_Spider/Wolf_Spider.jpg,wolf spider
1595,Wolf_Spider/Wolf_Spider_Anna-M_Traverse-City2.jpg,wolf spider
1596,Worm/garden_worm.jpg,worm
1597,Yacare_Caiman/Caiman_20yacare_Yacare_20Caiman__638.JPG,yacare caiman
1598,Yellow-Crowned_Night_Heron/Galapagos_206-1-16_20Santiago_20Puer.jpg,yellow-crowned night heron
1599,Yellow-Crowned_Night_Heron/IMG_8355_20heron_207-31-2010_20galap.jpg,yellow-crowned night heron
1600,Yellow-Crowned_Night_Heron/Juvenile_Gal_C3_A1pagos_yellow-crown.jpg,yellow-crowned night heron
1601,Yellow-Crowned_Night_Heron/yellowcrowned_20night_20heron_20full.jpg,yellow-crowned night heron
1602,Yellow-eyed_Penguin/1200119Yellow-eyed_20Penguin-0554_0.jpg,yellow-eyed penguin
1603,Yellow-eyed_Penguin/1200119Yellow-eyed_20penguin.jpg,yellow-eyed penguin
1604,Yellow-eyed_Penguin/1280px-Yellow-eyed_Penguin_2C_Catlin.JPG,yellow-eyed penguin
1605,Yellow-eyed_Penguin/penguins_yellow_eyed_penguin_Penguin.jpg,yellow-eyed penguin
1606,Yellow-eyed_Penguin/Yellow_20eyed_20Penguin_20Penguin_20.jpg,yellow-eyed penguin
1607,Yellow-eyed_Penguin/Yellow_Eyed_Penguin.JPG,yellow-eyed penguin
1608,Yellow-eyed_Penguin/Yellow_Eyed_Penguin2-1.jpg,yellow-eyed penguin
1609,Yellow-eyed_Penguin/Yellow_Eyed_Penguin2.jpg,yellow-eyed penguin
1610,Yellow-eyed_Penguin/Yellow_Eyed_Penguin3.jpg,yellow-eyed penguin
1611,Yellow-eyed_Penguin/Yellow_Eyed_Penguin4.jpg,yellow-eyed penguin
1612,Yellow-eyed_Penguin/Yellow-Eyed_Penguin1.jpg,yellow-eyed penguin
1613,Yellow_jacket_Wasp/Yellow_Jacket_Picture.JPG,yellow jacket wasp
1614,Yellow_Sac_Spider/Yellow_20Sac_20Spider.jpg,yellow sac spider
1615,Yellow_Warbler/Galapagos_201-2-08_20Bachas_20Yellow.jpg,yellow warbler
1616,Yellow_Warbler/Galapagos_206-1-12_20Santiago_20Puer.jpg,yellow warbler
1617,Yellow_Warbler/Galapagos_Disc_1_(485)_edited-1.JPG,yellow warbler
1618,Yellow_Warbler/IMG_5798_Galapagos_Yellow_Warbler_on.jpg,yellow warbler
1619,Yellow_Warbler/mangrove_20warbler3.jpg,yellow warbler
1620,Yellow_Warbler/Yellow_2Bwarbler.JPG,yellow warbler
1621,"Yellow_Warbler/Yellow_Warbler,_Pto_Ayora,_Galapagos.JPG",yellow warbler
1622,Yellow_Warbler/Yellow_Warbler.JPG,yellow warbler
1623,Yellow_Warbler/Yellow_Warbler__28Dendroica_petechia.jpg,yellow warbler
